{"stats":{"minecraft:killed_by":{"minecraft:skeleton":1,"minecraft:creeper":1,"minecraft:zombie":2},"minecraft:custom":{"minecraft:mob_kills":21,"minecraft:interact_with_crafting_table":11,"minecraft:leave_game":1,"minecraft:time_since_death":4547,"minecraft:sleep_in_bed":1,"minecraft:time_since_rest":4571,"minecraft:sprint_one_cm":88451,"minecraft:damage_taken":1560,"minecraft:walk_one_cm":50836,"minecraft:drop":22,"minecraft:damage_dealt":2019,"minecraft:swim_one_cm":37748,"minecraft:fly_one_cm":243029,"minecraft:open_chest":12,"minecraft:crouch_one_cm":3121,"minecraft:play_time":51991,"minecraft:deaths":4,"minecraft:sneak_time":1335,"minecraft:walk_under_water_one_cm":4581,"minecraft:boat_one_cm":66999,"minecraft:jump":1104,"minecraft:walk_on_water_one_cm":13220,"minecraft:total_world_time":51991,"minecraft:fall_one_cm":45837},"minecraft:picked_up":{"minecraft:crafting_table":4,"minecraft:azure_bluet":1,"minecraft:water_bucket":1,"minecraft:andesite":1,"minecraft:leather_leggings":1,"minecraft:dark_oak_boat":2,"minecraft:wooden_pickaxe":4,"minecraft:tuff":2,"create:raw_zinc":76,"minecraft:oak_log":27,"minecraft:golden_boots":1,"minecraft:lapis_lazuli":82,"minecraft:raw_copper":70,"minecraft:iron_axe":1,"minecraft:bone":9,"minecraft:kelp":64,"minecraft:wheat_seeds":2,"minecraft:cobbled_deepslate":2,"minecraft:rose_bush":2,"minecraft:iron_pickaxe":1,"minecraft:stone_hoe":1,"minecraft:oak_planks":108,"minecraft:raw_iron":58,"minecraft:sandstone":3,"minecraft:torch":2,"minecraft:sand":9,"minecraft:dark_oak_log":14,"minecraft:leather_helmet":1,"minecraft:dark_oak_planks":8,"minecraft:light_gray_bed":1,"minecraft:arrow":4,"minecraft:rotten_flesh":1,"minecraft:slime_ball":10,"minecraft:diamond":2,"create:scoria":7,"create:ochrum":2,"minecraft:hay_block":60,"minecraft:bread":178,"minecraft:coal":28,"minecraft:mutton":20,"minecraft:cobblestone":58,"minecraft:white_wool":4},"minecraft:killed":{"minecraft:slime":10,"minecraft:sheep":4,"minecraft:skeleton":5,"minecraft:zombie":2},"minecraft:used":{"minecraft:golden_boots":1,"minecraft:water_bucket":4,"minecraft:leather_leggings":1,"minecraft:stone_pickaxe":11,"minecraft:chest":2,"minecraft:wooden_pickaxe":6,"minecraft:sandstone":3,"minecraft:stone_hoe":60,"minecraft:torch":2,"create:ochrum":2,"minecraft:sand":9,"minecraft:crafting_table":9,"minecraft:wooden_hoe":8,"minecraft:iron_axe":63,"minecraft:bread":8,"minecraft:suspicious_stew":1,"minecraft:iron_pickaxe":143,"create:scoria":2,"minecraft:leather_helmet":1,"minecraft:stone_axe":17,"minecraft:cobblestone":33,"minecraft:dark_oak_boat":3,"minecraft:andesite":1,"minecraft:bucket":5,"minecraft:potato":1,"minecraft:cobbled_deepslate":2,"minecraft:experience_bottle":1},"minecraft:crafted":{"minecraft:oak_planks":108,"minecraft:crafting_table":5,"minecraft:dark_oak_boat":1,"minecraft:wooden_pickaxe":1,"minecraft:bucket":1,"minecraft:stone_axe":1,"minecraft:bread":180,"minecraft:light_gray_bed":1,"minecraft:wooden_hoe":1,"minecraft:iron_axe":1,"minecraft:stick":16,"minecraft:iron_pickaxe":1,"minecraft:stone_pickaxe":1,"minecraft:wooden_axe":1,"minecraft:chest":2,"minecraft:light_gray_dye":1,"minecraft:white_bed":1,"minecraft:dark_oak_planks":56,"minecraft:stone_hoe":1,"minecraft:golden_boots":1,"minecraft:wheat":540},"minecraft:dropped":{"minecraft:stone_axe":1,"minecraft:wheat_seeds":2,"minecraft:bowl":1,"minecraft:tuff":2,"minecraft:cobblestone":3,"minecraft:rotten_flesh":1,"minecraft:filled_map":1,"create:scoria":5,"minecraft:wooden_hoe":1,"minecraft:rose_bush":2,"minecraft:stone_pickaxe":1,"minecraft:wooden_pickaxe":3,"minecraft:bone":1},"minecraft:mined":{"create:zinc_ore":34,"create:deepslate_zinc_ore":4,"minecraft:tuff":2,"minecraft:kelp_plant":15,"minecraft:dark_oak_log":14,"minecraft:crafting_table":4,"create:scoria":6,"minecraft:rose_bush":2,"create:ochrum":2,"minecraft:copper_ore":5,"minecraft:tall_grass":3,"minecraft:lapis_ore":5,"minecraft:oak_planks":4,"minecraft:kelp":8,"minecraft:sandstone":3,"minecraft:seagrass":2,"minecraft:hay_block":62,"minecraft:iron_ore":18,"minecraft:deepslate_lapis_ore":2,"minecraft:azure_bluet":1,"minecraft:grass":43,"minecraft:deepslate_iron_ore":13,"minecraft:coal_ore":11,"minecraft:oak_log":27,"minecraft:sand":11,"minecraft:stone":52,"minecraft:deepslate":2,"minecraft:oak_leaves":2}},"DataVersion":3465}