{"stats":{"minecraft:killed_by":{"minecraft:zombie":2},"minecraft:custom":{"minecraft:mob_kills":15,"minecraft:interact_with_crafting_table":11,"minecraft:time_since_death":34388,"minecraft:sleep_in_bed":1,"minecraft:time_since_rest":17060,"minecraft:sprint_one_cm":51390,"minecraft:damage_taken":783,"minecraft:walk_one_cm":37963,"minecraft:drop":18,"minecraft:damage_dealt":849,"minecraft:swim_one_cm":32817,"minecraft:fly_one_cm":130437,"minecraft:open_chest":11,"minecraft:crouch_one_cm":1445,"minecraft:play_time":40143,"minecraft:deaths":2,"minecraft:sneak_time":760,"minecraft:walk_under_water_one_cm":4117,"minecraft:boat_one_cm":66999,"minecraft:jump":643,"minecraft:walk_on_water_one_cm":10149,"minecraft:total_world_time":40143,"minecraft:fall_one_cm":17573},"minecraft:picked_up":{"minecraft:crafting_table":4,"minecraft:azure_bluet":1,"minecraft:dark_oak_boat":2,"minecraft:wooden_pickaxe":4,"minecraft:tuff":2,"create:raw_zinc":17,"minecraft:oak_log":27,"minecraft:lapis_lazuli":31,"minecraft:raw_copper":21,"minecraft:bone":1,"minecraft:kelp":64,"minecraft:rose_bush":2,"minecraft:oak_planks":4,"minecraft:raw_iron":12,"minecraft:sandstone":3,"minecraft:torch":2,"minecraft:sand":9,"minecraft:dark_oak_log":14,"minecraft:dark_oak_planks":8,"minecraft:arrow":2,"minecraft:slime_ball":5,"create:scoria":7,"minecraft:hay_block":60,"minecraft:coal":8,"minecraft:mutton":10,"minecraft:cobblestone":35,"minecraft:white_wool":4},"minecraft:killed":{"minecraft:slime":10,"minecraft:sheep":4,"minecraft:skeleton":1},"minecraft:used":{"minecraft:golden_boots":1,"minecraft:water_bucket":4,"minecraft:leather_leggings":1,"minecraft:chest":2,"minecraft:wooden_pickaxe":6,"minecraft:sandstone":3,"minecraft:stone_hoe":60,"minecraft:torch":2,"minecraft:sand":9,"minecraft:crafting_table":9,"minecraft:wooden_hoe":8,"minecraft:iron_axe":48,"minecraft:bread":5,"minecraft:suspicious_stew":1,"minecraft:iron_pickaxe":84,"create:scoria":2,"minecraft:leather_helmet":1,"minecraft:stone_axe":17,"minecraft:cobblestone":16,"minecraft:dark_oak_boat":3,"minecraft:bucket":5,"minecraft:experience_bottle":1},"minecraft:crafted":{"minecraft:oak_planks":108,"minecraft:crafting_table":5,"minecraft:dark_oak_boat":1,"minecraft:wooden_pickaxe":1,"minecraft:bucket":1,"minecraft:stone_axe":1,"minecraft:bread":180,"minecraft:light_gray_bed":1,"minecraft:wooden_hoe":1,"minecraft:iron_axe":1,"minecraft:stick":16,"minecraft:iron_pickaxe":1,"minecraft:stone_pickaxe":1,"minecraft:wooden_axe":1,"minecraft:chest":2,"minecraft:light_gray_dye":1,"minecraft:white_bed":1,"minecraft:dark_oak_planks":56,"minecraft:stone_hoe":1,"minecraft:golden_boots":1,"minecraft:wheat":540},"minecraft:dropped":{"minecraft:stone_axe":1,"minecraft:bowl":1,"minecraft:tuff":2,"minecraft:filled_map":1,"create:scoria":5,"minecraft:wooden_hoe":1,"minecraft:rose_bush":2,"minecraft:stone_pickaxe":1,"minecraft:wooden_pickaxe":3,"minecraft:bone":1},"minecraft:mined":{"create:zinc_ore":17,"minecraft:tuff":2,"minecraft:kelp_plant":15,"minecraft:dark_oak_log":14,"minecraft:crafting_table":4,"create:scoria":6,"minecraft:rose_bush":2,"minecraft:tall_grass":2,"minecraft:lapis_ore":5,"minecraft:oak_planks":4,"minecraft:kelp":8,"minecraft:sandstone":3,"minecraft:seagrass":2,"minecraft:hay_block":62,"minecraft:iron_ore":12,"minecraft:azure_bluet":1,"minecraft:grass":4,"minecraft:coal_ore":9,"minecraft:oak_log":27,"minecraft:sand":11,"minecraft:stone":35,"minecraft:oak_leaves":2}},"DataVersion":3465}