{"stats":{"minecraft:killed_by":{"minecraft:zombie":1},"minecraft:custom":{"minecraft:jump":49,"minecraft:time_since_rest":981,"minecraft:deaths":1,"minecraft:crouch_one_cm":43,"minecraft:sprint_one_cm":3654,"minecraft:play_time":4143,"minecraft:damage_taken":245,"minecraft:time_since_death":949,"minecraft:walk_one_cm":1753,"minecraft:sneak_time":5,"minecraft:total_world_time":4143,"minecraft:interact_with_crafting_table":1,"minecraft:fall_one_cm":3034,"minecraft:fly_one_cm":11265},"minecraft:picked_up":{"minecraft:dark_oak_log":4},"minecraft:used":{"minecraft:crafting_table":1},"minecraft:crafted":{"minecraft:dark_oak_planks":16,"minecraft:crafting_table":1,"minecraft:stick":4,"minecraft:wooden_pickaxe":1,"minecraft:wooden_axe":1},"minecraft:mined":{"minecraft:dark_oak_log":4}},"DataVersion":3465}