{"stats":{"minecraft:killed_by":{"minecraft:zombie":2},"minecraft:custom":{"minecraft:time_since_rest":10416,"minecraft:sprint_one_cm":15952,"minecraft:damage_taken":570,"minecraft:walk_one_cm":7156,"minecraft:mob_kills":4,"minecraft:drop":5,"minecraft:damage_dealt":372,"minecraft:swim_one_cm":28680,"minecraft:interact_with_crafting_table":4,"minecraft:fly_one_cm":34497,"minecraft:open_chest":5,"minecraft:crouch_one_cm":786,"minecraft:play_time":16143,"minecraft:deaths":2,"minecraft:sneak_time":380,"minecraft:walk_under_water_one_cm":1550,"minecraft:boat_one_cm":63337,"minecraft:jump":195,"minecraft:time_since_death":10388,"minecraft:walk_on_water_one_cm":5911,"minecraft:total_world_time":16143,"minecraft:fall_one_cm":7318},"minecraft:picked_up":{"minecraft:crafting_table":4,"minecraft:dark_oak_boat":2,"minecraft:wooden_pickaxe":4,"minecraft:dark_oak_log":14,"minecraft:dark_oak_planks":8,"minecraft:kelp":64,"minecraft:mutton":6,"minecraft:white_wool":4,"minecraft:cobblestone":6},"minecraft:killed":{"minecraft:sheep":4},"minecraft:used":{"minecraft:leather_leggings":1,"minecraft:suspicious_stew":1,"minecraft:leather_helmet":1,"minecraft:wooden_pickaxe":6,"minecraft:stone_axe":17,"minecraft:dark_oak_boat":3,"minecraft:crafting_table":4,"minecraft:bucket":1,"minecraft:experience_bottle":1},"minecraft:crafted":{"minecraft:dark_oak_boat":1,"minecraft:crafting_table":1,"minecraft:stick":12,"minecraft:wooden_pickaxe":1,"minecraft:iron_pickaxe":1,"minecraft:stone_pickaxe":1,"minecraft:wooden_axe":1,"minecraft:bucket":1,"minecraft:dark_oak_planks":56,"minecraft:stone_axe":1},"minecraft:dropped":{"minecraft:bowl":1,"minecraft:stone_pickaxe":1,"minecraft:wooden_pickaxe":3},"minecraft:mined":{"minecraft:seagrass":2,"minecraft:kelp_plant":15,"minecraft:dark_oak_log":14,"minecraft:crafting_table":4,"minecraft:stone":6,"minecraft:kelp":8}},"DataVersion":3465}