{"stats":{"minecraft:killed_by":{"minecraft:zombie":2},"minecraft:custom":{"minecraft:time_since_rest":5060,"minecraft:sprint_one_cm":30972,"minecraft:damage_taken":570,"minecraft:walk_one_cm":23712,"minecraft:mob_kills":4,"minecraft:drop":10,"minecraft:damage_dealt":372,"minecraft:swim_one_cm":28680,"minecraft:interact_with_crafting_table":9,"minecraft:fly_one_cm":70432,"minecraft:open_chest":10,"minecraft:crouch_one_cm":802,"minecraft:play_time":28143,"minecraft:deaths":2,"minecraft:sneak_time":386,"minecraft:walk_under_water_one_cm":1620,"minecraft:boat_one_cm":66999,"minecraft:jump":378,"minecraft:time_since_death":22388,"minecraft:walk_on_water_one_cm":6343,"minecraft:sleep_in_bed":1,"minecraft:total_world_time":28143,"minecraft:fall_one_cm":9739},"minecraft:picked_up":{"minecraft:crafting_table":4,"minecraft:sandstone":3,"minecraft:dark_oak_boat":2,"minecraft:wooden_pickaxe":4,"minecraft:sand":9,"minecraft:dark_oak_log":14,"minecraft:dark_oak_planks":8,"minecraft:kelp":64,"minecraft:hay_block":60,"minecraft:rose_bush":2,"minecraft:mutton":6,"minecraft:white_wool":4,"minecraft:cobblestone":23},"minecraft:killed":{"minecraft:sheep":4},"minecraft:used":{"minecraft:golden_boots":1,"minecraft:wooden_hoe":8,"minecraft:leather_leggings":1,"minecraft:bread":2,"minecraft:iron_pickaxe":20,"minecraft:suspicious_stew":1,"minecraft:leather_helmet":1,"minecraft:wooden_pickaxe":6,"minecraft:sandstone":3,"minecraft:stone_hoe":60,"minecraft:stone_axe":17,"minecraft:sand":9,"minecraft:cobblestone":15,"minecraft:dark_oak_boat":3,"minecraft:crafting_table":7,"minecraft:bucket":1,"minecraft:experience_bottle":1},"minecraft:crafted":{"minecraft:wooden_hoe":1,"minecraft:iron_axe":1,"minecraft:dark_oak_boat":1,"minecraft:crafting_table":3,"minecraft:stick":16,"minecraft:wooden_pickaxe":1,"minecraft:iron_pickaxe":1,"minecraft:stone_pickaxe":1,"minecraft:wooden_axe":1,"minecraft:bucket":1,"minecraft:dark_oak_planks":56,"minecraft:stone_hoe":1,"minecraft:stone_axe":1,"minecraft:golden_boots":1,"minecraft:bread":180,"minecraft:wheat":540},"minecraft:dropped":{"minecraft:filled_map":1,"minecraft:stone_axe":1,"minecraft:wooden_hoe":1,"minecraft:bowl":1,"minecraft:rose_bush":2,"minecraft:stone_pickaxe":1,"minecraft:wooden_pickaxe":3},"minecraft:mined":{"minecraft:hay_block":62,"minecraft:seagrass":2,"minecraft:kelp_plant":15,"minecraft:dark_oak_log":14,"minecraft:crafting_table":4,"minecraft:grass":2,"minecraft:rose_bush":2,"minecraft:sand":11,"minecraft:tall_grass":2,"minecraft:stone":23,"minecraft:kelp":8,"minecraft:sandstone":3}},"DataVersion":3465}