{"stats":{"minecraft:killed_by":{"minecraft:creeper":1,"minecraft:skeleton":1,"minecraft:zombie":2},"minecraft:crafted":{"minecraft:oak_planks":108,"minecraft:dark_oak_boat":1,"minecraft:diamond_hoe":1,"minecraft:furnace":3,"minecraft:diamond_shovel":1,"minecraft:flint_and_steel":1,"minecraft:iron_boots":1,"minecraft:iron_axe":1,"minecraft:stone_pickaxe":1,"minecraft:chest":2,"minecraft:dark_oak_planks":56,"minecraft:stone_hoe":1,"minecraft:golden_boots":1,"minecraft:wheat":540,"minecraft:crimson_planks":100,"minecraft:diamond_sword":1,"minecraft:diamond_axe":1,"minecraft:crafting_table":6,"minecraft:enchanting_table":1,"minecraft:wooden_pickaxe":1,"minecraft:iron_helmet":1,"minecraft:bucket":1,"minecraft:stone_axe":1,"minecraft:bread":180,"minecraft:air":0,"minecraft:light_gray_bed":1,"minecraft:oak_boat":1,"minecraft:charcoal":36,"minecraft:iron_chestplate":1,"minecraft:wooden_hoe":1,"minecraft:diamond_pickaxe":1,"minecraft:shield":1,"minecraft:stick":28,"minecraft:iron_ingot":100,"minecraft:iron_pickaxe":1,"minecraft:wooden_axe":1,"minecraft:gold_ingot":94,"minecraft:iron_leggings":1,"minecraft:light_gray_dye":1,"minecraft:white_bed":1,"minecraft:shears":1},"minecraft:killed":{"minecraft:spider":1,"minecraft:slime":10,"minecraft:skeleton":8,"minecraft:zombie_villager":1,"minecraft:sheep":4,"minecraft:zombie":10},"minecraft:picked_up":{"minecraft:crafting_table":7,"minecraft:azure_bluet":1,"minecraft:yellow_wool":9,"minecraft:leather_leggings":2,"minecraft:diamond_sword":1,"minecraft:wooden_pickaxe":4,"minecraft:oak_stairs":3,"minecraft:crimson_planks":12,"minecraft:oak_trapdoor":3,"minecraft:string":2,"minecraft:iron_axe":1,"minecraft:raw_copper":87,"create:limestone":21,"minecraft:cobbled_deepslate":289,"minecraft:rose_bush":2,"minecraft:poppy":1,"minecraft:iron_pickaxe":1,"minecraft:furnace":3,"minecraft:raw_iron":133,"minecraft:sandstone":3,"minecraft:oak_door":2,"minecraft:oak_fence":90,"minecraft:torch":21,"minecraft:redstone":31,"minecraft:dark_oak_planks":8,"minecraft:light_gray_bed":3,"minecraft:arrow":4,"minecraft:rotten_flesh":8,"create:scoria":7,"create:ochrum":2,"minecraft:hay_block":60,"create:veridium":21,"minecraft:obsidian":14,"minecraft:mutton":20,"minecraft:cobblestone":198,"minecraft:white_wool":13,"minecraft:birch_log":5,"minecraft:birch_leaves":56,"minecraft:crimson_stem":25,"minecraft:water_bucket":1,"minecraft:andesite":1,"minecraft:dark_oak_boat":2,"minecraft:yellow_bed":13,"minecraft:flint":1,"minecraft:tuff":19,"create:raw_zinc":80,"minecraft:oak_log":141,"minecraft:golden_boots":1,"minecraft:cobblestone_stairs":4,"minecraft:lapis_lazuli":159,"minecraft:dirt":4,"minecraft:bone":11,"minecraft:kelp":64,"minecraft:wheat_seeds":4,"minecraft:raw_gold":94,"minecraft:oak_fence_gate":2,"minecraft:stone_pickaxe":1,"minecraft:stone_hoe":1,"minecraft:oak_planks":152,"minecraft:oak_slab":12,"minecraft:oak_pressure_plate":1,"minecraft:dandelion":1,"minecraft:gravel":22,"minecraft:sand":9,"minecraft:white_bed":7,"minecraft:mossy_cobblestone":16,"minecraft:dark_oak_log":14,"minecraft:leather_helmet":1,"minecraft:slime_ball":10,"minecraft:diamond":16,"minecraft:granite":19,"minecraft:bread":178,"minecraft:oak_sapling":1,"minecraft:coal":42,"minecraft:oak_leaves":17},"minecraft:dropped":{"minecraft:crimson_planks":1,"minecraft:stone_hoe":1,"minecraft:golden_boots":1,"minecraft:birch_leaves":56,"minecraft:wheat_seeds":4,"minecraft:cobblestone":48,"minecraft:granite":19,"minecraft:leather_helmet":1,"minecraft:torch":1,"minecraft:wooden_hoe":1,"minecraft:rose_bush":2,"minecraft:iron_axe":1,"minecraft:iron_pickaxe":1,"minecraft:string":2,"minecraft:birch_log":5,"minecraft:bone":7,"minecraft:gravel":11,"minecraft:stone_axe":1,"minecraft:cobbled_deepslate":104,"minecraft:bowl":1,"minecraft:tuff":15,"minecraft:rotten_flesh":8,"minecraft:filled_map":1,"minecraft:diamond_sword":1,"create:veridium":21,"create:scoria":5,"minecraft:oak_sapling":1,"create:limestone":21,"minecraft:leather_leggings":2,"minecraft:arrow":2,"minecraft:stone_pickaxe":3,"minecraft:wooden_pickaxe":3,"minecraft:oak_leaves":17},"minecraft:used":{"minecraft:oak_fence":39,"minecraft:enchanting_table":1,"minecraft:flint_and_steel":1,"minecraft:diamond_hoe":3,"minecraft:chest":2,"minecraft:shield":15,"minecraft:stone_hoe":69,"minecraft:iron_chestplate":1,"minecraft:torch":13,"create:ochrum":2,"minecraft:dirt":1,"minecraft:tuff":4,"minecraft:obsidian":10,"minecraft:iron_axe":79,"create:scoria":2,"minecraft:crimson_planks":52,"minecraft:dark_oak_boat":3,"minecraft:furnace":6,"minecraft:potato":1,"minecraft:cobbled_deepslate":109,"minecraft:light_gray_bed":3,"minecraft:iron_leggings":1,"minecraft:golden_boots":1,"minecraft:water_bucket":9,"minecraft:leather_leggings":1,"minecraft:stone_pickaxe":11,"minecraft:oak_planks":32,"minecraft:wooden_pickaxe":6,"minecraft:sandstone":3,"minecraft:diamond_axe":330,"minecraft:sand":9,"minecraft:crafting_table":13,"minecraft:white_bed":7,"minecraft:shears":91,"minecraft:wooden_hoe":8,"minecraft:diamond_pickaxe":712,"minecraft:bread":19,"minecraft:iron_pickaxe":228,"minecraft:suspicious_stew":1,"minecraft:leather_helmet":1,"minecraft:gravel":11,"minecraft:stone_axe":17,"minecraft:diamond_sword":32,"minecraft:cobblestone":33,"minecraft:andesite":1,"minecraft:bucket":10,"minecraft:yellow_bed":13,"minecraft:oak_boat":1,"minecraft:experience_bottle":1},"minecraft:custom":{"minecraft:mob_kills":35,"minecraft:interact_with_crafting_table":28,"minecraft:leave_game":3,"minecraft:time_since_death":91834,"minecraft:sprint_one_cm":238664,"minecraft:walk_one_cm":181037,"minecraft:damage_blocked_by_shield":1035,"minecraft:drop":59,"minecraft:play_time":139278,"minecraft:deaths":4,"minecraft:sneak_time":5847,"minecraft:walk_under_water_one_cm":15914,"minecraft:boat_one_cm":103165,"minecraft:jump":2836,"minecraft:walk_on_water_one_cm":26869,"minecraft:enchant_item":7,"minecraft:total_world_time":139278,"minecraft:interact_with_furnace":46,"minecraft:sleep_in_bed":3,"minecraft:time_since_rest":20977,"minecraft:damage_taken":3136,"minecraft:damage_dealt":4884,"minecraft:swim_one_cm":76607,"minecraft:fly_one_cm":564648,"minecraft:open_chest":35,"minecraft:crouch_one_cm":16786,"minecraft:fall_one_cm":89639},"minecraft:mined":{"create:zinc_ore":34,"create:deepslate_zinc_ore":8,"minecraft:tuff":19,"minecraft:white_bed":7,"minecraft:mossy_cobblestone":16,"minecraft:deepslate_diamond_ore":14,"minecraft:oak_door":1,"minecraft:cobblestone_stairs":4,"minecraft:dark_oak_log":14,"minecraft:obsidian":14,"minecraft:granite":19,"minecraft:grass_block":1,"create:ochrum":2,"minecraft:light_gray_bed":2,"minecraft:oak_pressure_plate":1,"minecraft:kelp":8,"minecraft:sandstone":3,"minecraft:crimson_stem":25,"minecraft:hay_block":62,"minecraft:oak_trapdoor":3,"minecraft:furnace":3,"minecraft:iron_ore":28,"minecraft:cobbled_deepslate":3,"minecraft:deepslate_lapis_ore":15,"minecraft:azure_bluet":1,"minecraft:dirt_path":1,"minecraft:deepslate_iron_ore":77,"minecraft:oak_stairs":3,"minecraft:stone":90,"create:veridium":25,"minecraft:white_wool":9,"create:limestone":24,"minecraft:deepslate_redstone_ore":7,"minecraft:oak_slab":12,"minecraft:glass_pane":9,"minecraft:kelp_plant":15,"minecraft:dandelion":1,"minecraft:oak_fence":91,"minecraft:crafting_table":7,"minecraft:torch":2,"minecraft:poppy":1,"create:scoria":6,"minecraft:rose_bush":2,"minecraft:cobblestone":102,"minecraft:tall_grass":3,"minecraft:copper_ore":5,"minecraft:lapis_ore":5,"minecraft:deepslate_gold_ore":95,"minecraft:oak_planks":48,"minecraft:diorite":4,"minecraft:wall_torch":1,"minecraft:deepslate_copper_ore":5,"minecraft:seagrass":2,"minecraft:birch_log":5,"minecraft:yellow_wool":9,"minecraft:birch_leaves":56,"minecraft:yellow_bed":13,"minecraft:grass":68,"minecraft:oak_log":144,"minecraft:coal_ore":11,"minecraft:oak_fence_gate":2,"minecraft:dirt":2,"minecraft:gravel":27,"minecraft:sand":11,"minecraft:crimson_planks":12,"minecraft:oak_leaves":23,"minecraft:deepslate":286}},"DataVersion":3465}