{"stats":{"minecraft:killed":{"minecraft:hoglin":1,"minecraft:zombie":1,"minecraft:wither_skeleton":2,"minecraft:cow":4,"minecraft:blaze":9},"minecraft:dropped":{"minecraft:iron_ingot":6,"minecraft:bread":1,"minecraft:iron_sword":1,"minecraft:moss_block":1,"minecraft:wheat_seeds":2,"minecraft:oak_fence":1,"minecraft:iron_axe":1,"minecraft:iron_pickaxe":1,"minecraft:bucket":1,"minecraft:smooth_basalt":2,"minecraft:moss_carpet":1,"minecraft:oak_trapdoor":1,"minecraft:detector_rail":1,"minecraft:blaze_rod":2,"minecraft:tuff":2,"minecraft:cobbled_deepslate_slab":1,"minecraft:pumpkin_seeds":4,"minecraft:diamond_pickaxe":1,"minecraft:spider_eye":1},"minecraft:crafted":{"minecraft:grindstone":1,"minecraft:smooth_stone":3,"minecraft:oak_planks":24,"minecraft:raw_iron":18,"minecraft:furnace":1,"minecraft:blast_furnace":1,"minecraft:stone":6,"minecraft:diamond_shovel":1,"minecraft:oak_trapdoor":2,"minecraft:iron_boots":1,"minecraft:iron_axe":1,"minecraft:stone_pickaxe":1,"minecraft:chest":2,"minecraft:cauldron":1,"minecraft:crafting_table":1,"minecraft:enchanting_table":1,"minecraft:iron_helmet":1,"minecraft:iron_sword":1,"minecraft:air":0,"minecraft:oak_boat":1,"minecraft:book":1,"minecraft:iron_chestplate":1,"minecraft:paper":3,"minecraft:diamond_pickaxe":2,"minecraft:stick":20,"minecraft:stone_slab":6,"minecraft:iron_ingot":52,"minecraft:iron_pickaxe":1,"minecraft:iron_leggings":1,"minecraft:torch":24,"create:zinc_ingot":24},"minecraft:used":{"minecraft:oak_trapdoor":3,"minecraft:nether_brick_fence":2,"minecraft:enchanting_table":1,"minecraft:chest":2,"minecraft:shield":24,"minecraft:iron_sword":82,"minecraft:orange_bed":1,"minecraft:torch":36,"minecraft:dirt":6,"minecraft:nether_bricks":4,"minecraft:tuff":1,"minecraft:obsidian":12,"minecraft:lava_bucket":9,"minecraft:bookshelf":10,"minecraft:iron_axe":13,"minecraft:furnace":1,"minecraft:oak_sapling":1,"minecraft:cobbled_deepslate":35,"minecraft:water_bucket":12,"minecraft:stone_pickaxe":37,"create:crimsite":1,"minecraft:cauldron":1,"minecraft:sugar_cane":13,"minecraft:glow_berries":7,"minecraft:crafting_table":6,"minecraft:blast_furnace":3,"minecraft:diamond_pickaxe":119,"minecraft:diamond_shovel":97,"minecraft:bread":22,"minecraft:iron_pickaxe":86,"minecraft:detector_rail":1,"minecraft:cobblestone":1,"minecraft:grindstone":1,"minecraft:bucket":21,"minecraft:oak_boat":1},"minecraft:custom":{"minecraft:mob_kills":17,"minecraft:interact_with_crafting_table":33,"minecraft:fill_cauldron":1,"minecraft:leave_game":1,"minecraft:time_since_death":126384,"minecraft:climb_one_cm":681,"minecraft:sprint_one_cm":205626,"minecraft:walk_one_cm":228717,"minecraft:damage_blocked_by_shield":1500,"minecraft:drop":23,"minecraft:play_time":136459,"minecraft:deaths":1,"minecraft:sneak_time":4203,"minecraft:walk_under_water_one_cm":3294,"minecraft:boat_one_cm":8775,"minecraft:jump":1363,"minecraft:interact_with_blast_furnace":33,"minecraft:walk_on_water_one_cm":16402,"minecraft:enchant_item":6,"minecraft:total_world_time":136459,"minecraft:interact_with_furnace":27,"minecraft:interact_with_grindstone":2,"minecraft:sleep_in_bed":5,"minecraft:time_since_rest":9994,"minecraft:damage_taken":1133,"minecraft:damage_dealt":3833,"minecraft:swim_one_cm":17109,"minecraft:fly_one_cm":174344,"minecraft:open_chest":13,"minecraft:crouch_one_cm":14836,"minecraft:fall_one_cm":29638},"minecraft:mined":{"create:deepslate_zinc_ore":22,"minecraft:tuff":5,"minecraft:dark_oak_leaves":1,"minecraft:deepslate_diamond_ore":8,"minecraft:obsidian":9,"minecraft:nether_bricks":5,"minecraft:grass_block":94,"minecraft:crimson_roots":2,"minecraft:redstone_wire":1,"minecraft:moss_block":2,"minecraft:spawner":1,"minecraft:raw_iron_block":1,"minecraft:oak_trapdoor":2,"minecraft:furnace":1,"minecraft:cobbled_deepslate":2,"minecraft:fire":4,"minecraft:nether_brick_fence":2,"minecraft:cave_vines":1,"minecraft:deepslate_iron_ore":24,"minecraft:stone":35,"minecraft:deepslate_redstone_ore":5,"minecraft:crimson_nylium":3,"minecraft:amethyst_cluster":1,"minecraft:crafting_table":4,"minecraft:blast_furnace":2,"minecraft:calcite":2,"minecraft:tall_grass":4,"minecraft:deepslate_gold_ore":4,"minecraft:sugar_cane":10,"minecraft:oak_planks":2,"minecraft:wall_torch":2,"minecraft:amethyst_block":3,"minecraft:grass":7,"minecraft:coal_ore":15,"minecraft:oak_log":6,"minecraft:dirt":4,"minecraft:cobweb":8,"minecraft:smooth_basalt":1,"minecraft:netherrack":11,"create:crimsite":1,"minecraft:oak_leaves":3,"minecraft:deepslate":64},"minecraft:picked_up":{"minecraft:crafting_table":5,"minecraft:nether_brick_fence":2,"minecraft:shield":1,"minecraft:amethyst_block":3,"minecraft:string":8,"minecraft:oak_trapdoor":2,"minecraft:moss_carpet":1,"minecraft:iron_axe":1,"minecraft:detector_rail":2,"minecraft:cobbled_deepslate":64,"minecraft:bucket":1,"minecraft:beef":8,"minecraft:oak_boat":1,"minecraft:calcite":5,"minecraft:iron_pickaxe":1,"minecraft:sugar_cane":11,"minecraft:furnace":1,"minecraft:stick":2,"minecraft:raw_iron":51,"minecraft:oak_fence":1,"minecraft:torch":6,"minecraft:porkchop":4,"minecraft:redstone":31,"minecraft:nether_bricks":4,"minecraft:blaze_rod":15,"minecraft:glow_berries":7,"minecraft:obsidian":20,"minecraft:cobblestone":43,"minecraft:water_bucket":1,"minecraft:leather":2,"minecraft:tuff":5,"create:raw_zinc":44,"minecraft:oak_log":6,"minecraft:gunpowder":3,"minecraft:dirt":97,"minecraft:bone":2,"minecraft:wheat_seeds":6,"minecraft:raw_gold":12,"minecraft:cobbled_deepslate_slab":1,"minecraft:iron_ingot":18,"minecraft:moss_block":1,"minecraft:iron_sword":1,"minecraft:oak_planks":27,"minecraft:smooth_basalt":2,"minecraft:raw_iron_block":2,"minecraft:lava_bucket":1,"minecraft:amethyst_shard":4,"minecraft:blast_furnace":2,"minecraft:spider_eye":1,"minecraft:pumpkin_seeds":3,"create:crimsite":1,"minecraft:diamond":14,"minecraft:bread":1,"minecraft:oak_sapling":1,"minecraft:netherrack":6,"minecraft:coal":28,"minecraft:crimson_roots":3}},"DataVersion":3465}