{"stats":{"minecraft:killed":{"minecraft:spider":1,"minecraft:hoglin":1,"minecraft:sheep":7,"minecraft:zombie":2,"minecraft:wither_skeleton":2,"minecraft:cow":4,"minecraft:blaze":9},"minecraft:dropped":{"minecraft:iron_ingot":6,"minecraft:bread":1,"minecraft:iron_sword":1,"minecraft:moss_block":1,"minecraft:wheat_seeds":7,"minecraft:lapis_lazuli":8,"minecraft:oak_fence":1,"minecraft:diorite":5,"minecraft:crimson_roots":3,"minecraft:iron_axe":1,"minecraft:iron_pickaxe":1,"minecraft:string":4,"minecraft:bucket":1,"minecraft:smooth_basalt":2,"minecraft:moss_carpet":1,"minecraft:oak_trapdoor":1,"minecraft:detector_rail":1,"minecraft:blaze_rod":2,"minecraft:tuff":2,"minecraft:oak_planks":36,"minecraft:cobbled_deepslate_slab":1,"minecraft:pumpkin_seeds":4,"create:zinc_ingot":58,"minecraft:diamond_pickaxe":3,"minecraft:spider_eye":1},"minecraft:crafted":{"minecraft:grindstone":1,"minecraft:smooth_stone":3,"minecraft:oak_planks":68,"minecraft:raw_iron":18,"minecraft:furnace":1,"minecraft:blast_furnace":1,"minecraft:stone":6,"minecraft:diamond_shovel":1,"minecraft:oak_trapdoor":2,"minecraft:iron_boots":1,"minecraft:iron_axe":1,"minecraft:stone_pickaxe":1,"minecraft:chest":4,"minecraft:cauldron":1,"minecraft:crafting_table":1,"minecraft:enchanting_table":1,"minecraft:iron_helmet":1,"minecraft:iron_sword":1,"minecraft:air":0,"minecraft:oak_boat":1,"minecraft:book":1,"minecraft:iron_chestplate":1,"minecraft:paper":3,"minecraft:diamond_pickaxe":2,"minecraft:stick":20,"minecraft:stone_slab":6,"minecraft:iron_ingot":53,"minecraft:iron_pickaxe":1,"minecraft:iron_leggings":1,"minecraft:torch":24,"create:zinc_ingot":58},"minecraft:used":{"minecraft:oak_trapdoor":3,"minecraft:nether_brick_fence":2,"minecraft:enchanting_table":1,"minecraft:chest":4,"minecraft:shield":24,"minecraft:iron_sword":107,"minecraft:orange_bed":3,"minecraft:torch":36,"minecraft:dirt":37,"minecraft:nether_bricks":4,"minecraft:tuff":1,"minecraft:obsidian":12,"minecraft:lava_bucket":9,"minecraft:bookshelf":10,"minecraft:iron_axe":26,"minecraft:furnace":1,"minecraft:oak_sapling":1,"minecraft:cobbled_deepslate":35,"minecraft:water_bucket":12,"minecraft:stone_pickaxe":37,"create:crimsite":1,"minecraft:cauldron":1,"minecraft:sugar_cane":13,"minecraft:glow_berries":7,"minecraft:crafting_table":6,"minecraft:blast_furnace":3,"minecraft:diamond_pickaxe":1224,"minecraft:diamond_shovel":1053,"minecraft:bread":28,"minecraft:iron_pickaxe":89,"minecraft:detector_rail":1,"create:asurine":1,"minecraft:gravel":2,"minecraft:cobblestone":25,"minecraft:grindstone":1,"minecraft:bucket":21,"minecraft:oak_boat":6},"minecraft:custom":{"minecraft:mob_kills":26,"minecraft:interact_with_crafting_table":39,"minecraft:fill_cauldron":1,"minecraft:leave_game":1,"minecraft:time_since_death":186384,"minecraft:climb_one_cm":681,"minecraft:sprint_one_cm":305355,"minecraft:walk_one_cm":358248,"minecraft:damage_blocked_by_shield":1500,"minecraft:drop":34,"minecraft:play_time":196459,"minecraft:deaths":1,"minecraft:sneak_time":10872,"minecraft:walk_under_water_one_cm":4405,"minecraft:boat_one_cm":49132,"minecraft:jump":2007,"minecraft:interact_with_blast_furnace":42,"minecraft:walk_on_water_one_cm":17407,"minecraft:enchant_item":7,"minecraft:total_world_time":196459,"minecraft:interact_with_furnace":28,"minecraft:interact_with_grindstone":2,"minecraft:sleep_in_bed":11,"minecraft:time_since_rest":83,"minecraft:damage_taken":1202,"minecraft:damage_dealt":4753,"minecraft:swim_one_cm":18451,"minecraft:fly_one_cm":310368,"minecraft:open_chest":25,"minecraft:crouch_one_cm":51288,"minecraft:fall_one_cm":41065},"minecraft:mined":{"create:zinc_ore":15,"create:deepslate_zinc_ore":22,"minecraft:tuff":5,"minecraft:dark_oak_leaves":1,"minecraft:deepslate_diamond_ore":8,"minecraft:obsidian":9,"minecraft:nether_bricks":5,"minecraft:grass_block":462,"minecraft:crimson_roots":2,"minecraft:redstone_wire":1,"minecraft:moss_block":2,"minecraft:spawner":1,"minecraft:raw_iron_block":1,"minecraft:oak_trapdoor":2,"minecraft:furnace":1,"minecraft:iron_ore":2,"minecraft:cobbled_deepslate":2,"minecraft:fire":4,"minecraft:andesite":240,"minecraft:nether_brick_fence":2,"create:asurine":1,"minecraft:cave_vines":1,"minecraft:deepslate_iron_ore":24,"minecraft:dirt_path":1,"minecraft:stone":827,"minecraft:orange_bed":2,"minecraft:deepslate_redstone_ore":5,"minecraft:crimson_nylium":3,"minecraft:amethyst_cluster":1,"minecraft:crafting_table":4,"minecraft:blast_furnace":2,"minecraft:calcite":2,"minecraft:copper_ore":3,"minecraft:tall_grass":7,"minecraft:cobblestone":3,"minecraft:deepslate_gold_ore":4,"minecraft:sugar_cane":10,"minecraft:oak_planks":2,"minecraft:diorite":5,"minecraft:wall_torch":2,"minecraft:amethyst_block":3,"minecraft:grass":11,"minecraft:coal_ore":61,"minecraft:oak_log":17,"minecraft:gravel":174,"minecraft:dirt":414,"minecraft:cobweb":8,"minecraft:smooth_basalt":1,"minecraft:netherrack":11,"create:crimsite":1,"minecraft:oak_leaves":3,"minecraft:deepslate":64},"minecraft:picked_up":{"minecraft:crafting_table":5,"minecraft:nether_brick_fence":2,"minecraft:shield":1,"minecraft:amethyst_block":3,"minecraft:string":9,"minecraft:oak_trapdoor":2,"minecraft:moss_carpet":1,"minecraft:raw_copper":10,"minecraft:iron_axe":1,"minecraft:detector_rail":2,"minecraft:cobbled_deepslate":64,"minecraft:bucket":1,"minecraft:beef":8,"minecraft:oak_boat":5,"minecraft:calcite":5,"minecraft:iron_pickaxe":1,"minecraft:sugar_cane":11,"minecraft:furnace":1,"minecraft:stick":2,"minecraft:raw_iron":53,"minecraft:oak_fence":1,"minecraft:torch":6,"minecraft:porkchop":4,"minecraft:diorite":5,"minecraft:redstone":31,"minecraft:orange_bed":2,"minecraft:rotten_flesh":1,"minecraft:nether_bricks":4,"create:asurine":1,"minecraft:blaze_rod":15,"minecraft:mutton":11,"minecraft:glow_berries":7,"minecraft:obsidian":20,"minecraft:white_wool":5,"minecraft:cobblestone":822,"minecraft:water_bucket":1,"minecraft:andesite":242,"minecraft:brown_wool":2,"minecraft:leather":2,"minecraft:flint":14,"minecraft:tuff":5,"create:raw_zinc":59,"minecraft:oak_log":17,"minecraft:gunpowder":3,"minecraft:lapis_lazuli":6,"minecraft:dirt":821,"minecraft:bone":2,"minecraft:wheat_seeds":9,"minecraft:raw_gold":12,"minecraft:cobbled_deepslate_slab":1,"minecraft:iron_ingot":18,"minecraft:moss_block":1,"minecraft:iron_sword":1,"minecraft:oak_planks":27,"minecraft:smooth_basalt":2,"minecraft:gravel":157,"minecraft:raw_iron_block":2,"minecraft:lava_bucket":1,"minecraft:amethyst_shard":4,"minecraft:blast_furnace":2,"minecraft:spider_eye":2,"minecraft:pumpkin_seeds":3,"create:crimsite":1,"minecraft:diamond":14,"minecraft:bread":1,"minecraft:oak_sapling":1,"minecraft:netherrack":6,"minecraft:coal":71,"minecraft:crimson_roots":3,"minecraft:diamond_pickaxe":2}},"DataVersion":3465}