{"stats":{"minecraft:killed":{"minecraft:spider":2,"minecraft:skeleton":2,"minecraft:sheep":14,"minecraft:trader_llama":1,"minecraft:zombie":5,"minecraft:blaze":9,"minecraft:cow":4,"minecraft:hoglin":1,"minecraft:wither_skeleton":2},"minecraft:dropped":{"minecraft:iron_sword":1,"create:super_glue":1,"minecraft:moss_block":1,"minecraft:lapis_lazuli":8,"minecraft:cooked_beef":12,"minecraft:glow_berries":1,"create:cogwheel":1,"minecraft:rooted_dirt":50,"minecraft:dirt":96,"minecraft:cornflower":2,"minecraft:crimson_roots":3,"minecraft:bone_meal":108,"create:iron_sheet":3,"create:goggles":2,"minecraft:sugar":2,"minecraft:iron_pickaxe":1,"minecraft:white_wool":2,"minecraft:sugar_cane":2,"minecraft:detector_rail":1,"minecraft:cobbled_deepslate":5,"minecraft:wheat":7,"minecraft:oak_planks":45,"minecraft:diamond_shovel":1,"minecraft:poppy":9,"create:encased_fan":1,"minecraft:white_dye":12,"minecraft:quartz":2,"minecraft:netherrack":73,"create:andesite_alloy":47,"minecraft:water_bucket":1,"minecraft:iron_ingot":19,"minecraft:bread":36,"minecraft:wheat_seeds":13,"create:mechanical_saw":1,"minecraft:oak_fence":1,"minecraft:book":6,"create:zinc_nugget":28,"minecraft:stick":8,"create:andesite_casing":7,"minecraft:oxeye_daisy":2,"minecraft:lava_bucket":1,"minecraft:diorite":5,"minecraft:green_dye":5,"minecraft:iron_leggings":1,"minecraft:iron_axe":3,"minecraft:red_dye":26,"minecraft:paper":45,"minecraft:string":4,"minecraft:bucket":2,"minecraft:redstone":9,"minecraft:dandelion":11,"minecraft:smooth_basalt":2,"minecraft:moss_carpet":1,"minecraft:kelp":6,"minecraft:soul_soil":2,"minecraft:oak_trapdoor":1,"create:shaft":30,"minecraft:blaze_rod":2,"minecraft:tuff":2,"minecraft:cobbled_deepslate_slab":1,"minecraft:nether_bricks":10,"minecraft:shears":1,"minecraft:pumpkin_seeds":4,"minecraft:lily_of_the_valley":10,"create:zinc_ingot":102,"minecraft:diamond_pickaxe":4,"minecraft:andesite":242,"create:hand_crank":1,"minecraft:spider_eye":1,"create:golden_sheet":6},"minecraft:crafted":{"minecraft:grindstone":1,"minecraft:smooth_stone":3,"minecraft:oak_planks":120,"minecraft:cobblestone_slab":36,"minecraft:stone":6,"minecraft:diamond_shovel":1,"minecraft:cooked_mutton":5,"create:vertical_gearbox":1,"minecraft:glass":4,"minecraft:iron_boots":1,"create:mechanical_press":1,"minecraft:chest":6,"minecraft:oak_button":2,"create:cogwheel":12,"minecraft:smoker":1,"create:depot":1,"minecraft:cauldron":1,"minecraft:cooked_porkchop":4,"minecraft:diamond_axe":1,"minecraft:crafting_table":3,"create:mechanical_saw":1,"minecraft:iron_helmet":1,"create:mechanical_mixer":1,"create:gearbox":2,"minecraft:iron_chestplate":1,"minecraft:book":1,"minecraft:paper":48,"minecraft:diamond_pickaxe":3,"create:super_glue":1,"minecraft:stone_slab":6,"minecraft:stick":24,"minecraft:iron_ingot":77,"minecraft:iron_pickaxe":1,"minecraft:iron_block":1,"minecraft:gold_ingot":13,"minecraft:shears":2,"minecraft:raw_iron":18,"create:wrench":1,"minecraft:iron_nugget":9,"minecraft:furnace":1,"minecraft:blast_furnace":1,"minecraft:bone_meal":184,"minecraft:oak_trapdoor":2,"minecraft:iron_axe":1,"minecraft:slime_ball":2,"minecraft:stone_pickaxe":1,"create:basin":1,"minecraft:wheat":72,"minecraft:cooked_beef":8,"create:andesite_alloy":18,"create:hand_crank":1,"minecraft:enchanting_table":1,"minecraft:iron_sword":1,"create:dough":2,"create:goggles":2,"minecraft:bread":26,"minecraft:air":0,"minecraft:oak_boat":2,"create:whisk":1,"minecraft:iron_leggings":1,"minecraft:white_bed":1,"create:shaft":48,"minecraft:torch":24,"create:zinc_ingot":66},"minecraft:broken":{"minecraft:diamond_pickaxe":1},"minecraft:used":{"minecraft:nether_brick_fence":2,"minecraft:chest":6,"minecraft:shield":31,"minecraft:iron_sword":179,"create:cogwheel":3,"minecraft:nether_bricks":4,"create:depot":3,"minecraft:tuff":1,"minecraft:obsidian":12,"minecraft:lava_bucket":9,"create:shaft":1,"minecraft:oak_sapling":11,"minecraft:furnace":1,"minecraft:stone_pickaxe":37,"create:crimsite":1,"minecraft:diamond_axe":48,"minecraft:sugar_cane":38,"create:mechanical_saw":1,"minecraft:glow_berries":7,"minecraft:blast_furnace":3,"minecraft:dripstone_block":1,"minecraft:shears":15,"minecraft:bread":44,"minecraft:gravel":2,"create:asurine":1,"create:basin":1,"minecraft:grindstone":1,"minecraft:oak_boat":9,"create:vertical_gearbox":1,"minecraft:bone_meal":76,"minecraft:oak_trapdoor":3,"minecraft:enchanting_table":1,"minecraft:netherrack":1,"minecraft:orange_bed":4,"minecraft:torch":36,"minecraft:dirt":98,"create:mechanical_mixer":5,"minecraft:bookshelf":10,"minecraft:iron_axe":32,"minecraft:cooked_beef":4,"minecraft:cobbled_deepslate":37,"minecraft:wheat_seeds":6,"minecraft:cooked_mutton":13,"minecraft:water_bucket":12,"minecraft:cauldron":1,"minecraft:cobblestone_slab":31,"minecraft:crafting_table":10,"minecraft:white_bed":1,"minecraft:smoker":4,"minecraft:oak_log":12,"minecraft:diamond_pickaxe":1656,"minecraft:diamond_shovel":1065,"create:mechanical_press":4,"minecraft:oak_button":5,"minecraft:iron_pickaxe":93,"minecraft:detector_rail":1,"create:large_water_wheel":1,"minecraft:cobblestone":145,"minecraft:cooked_porkchop":4,"minecraft:bucket":23,"create:hand_crank":6},"minecraft:custom":{"minecraft:interact_with_crafting_table":95,"minecraft:leave_game":1,"minecraft:time_since_death":59692,"minecraft:sprint_one_cm":577379,"minecraft:damage_blocked_by_shield":2400,"minecraft:drop":234,"minecraft:talked_to_villager":2,"minecraft:play_time":340459,"minecraft:deaths":2,"minecraft:jump":4684,"minecraft:walk_on_water_one_cm":36415,"minecraft:enchant_item":7,"minecraft:interact_with_furnace":31,"minecraft:sleep_in_bed":21,"minecraft:damage_dealt":8042,"minecraft:crouch_one_cm":64007,"minecraft:interact_with_smoker":22,"minecraft:mob_kills":40,"minecraft:fill_cauldron":1,"minecraft:climb_one_cm":1093,"minecraft:walk_one_cm":664864,"minecraft:sneak_time":14938,"minecraft:walk_under_water_one_cm":9290,"minecraft:boat_one_cm":58111,"minecraft:interact_with_blast_furnace":81,"minecraft:total_world_time":340459,"minecraft:interact_with_grindstone":2,"minecraft:time_since_rest":10496,"minecraft:damage_taken":2811,"minecraft:swim_one_cm":57192,"minecraft:fly_one_cm":833589,"minecraft:open_chest":130,"minecraft:fall_one_cm":112833},"minecraft:mined":{"create:deepslate_zinc_ore":30,"create:andesite_casing":12,"minecraft:obsidian":9,"minecraft:grass_block":501,"minecraft:soul_soil":7,"minecraft:oxeye_daisy":1,"minecraft:spawner":1,"minecraft:magma_block":13,"minecraft:raw_iron_block":1,"minecraft:fire":4,"minecraft:iron_ore":32,"minecraft:cobbled_deepslate":2,"minecraft:azure_bluet":1,"create:asurine":1,"minecraft:cave_vines":1,"minecraft:dirt_path":1,"create:mechanical_press":2,"minecraft:orange_bed":2,"minecraft:deepslate_redstone_ore":5,"minecraft:crimson_nylium":3,"minecraft:kelp_plant":1,"minecraft:smoker":2,"minecraft:amethyst_cluster":1,"minecraft:blast_furnace":3,"minecraft:calcite":2,"minecraft:poppy":9,"minecraft:cobblestone":79,"minecraft:oak_planks":2,"minecraft:sugar_cane":54,"minecraft:wall_torch":2,"minecraft:amethyst_block":3,"minecraft:wheat":4,"create:mechanical_mixer":4,"minecraft:grass":114,"minecraft:oak_log":46,"create:hand_crank":4,"minecraft:dirt":449,"minecraft:smooth_basalt":1,"minecraft:deepslate":75,"minecraft:netherrack":137,"create:crimsite":1,"minecraft:oak_leaves":28,"create:zinc_ore":24,"minecraft:nether_gold_ore":4,"minecraft:tuff":5,"minecraft:dark_oak_leaves":1,"minecraft:deepslate_diamond_ore":9,"minecraft:glow_lichen":1,"minecraft:nether_bricks":24,"minecraft:crimson_roots":2,"create:depot":2,"minecraft:redstone_wire":1,"minecraft:moss_block":2,"minecraft:rooted_dirt":4,"minecraft:large_fern":8,"minecraft:redstone_ore":9,"minecraft:oak_trapdoor":2,"minecraft:furnace":2,"minecraft:andesite":240,"minecraft:nether_brick_fence":2,"minecraft:cobblestone_slab":2,"minecraft:deepslate_iron_ore":40,"minecraft:stone":861,"minecraft:bone_block":19,"minecraft:soul_sand":9,"minecraft:dandelion":8,"minecraft:crafting_table":7,"minecraft:cornflower":1,"minecraft:tall_grass":48,"minecraft:copper_ore":3,"minecraft:deepslate_gold_ore":8,"minecraft:diorite":6,"create:mechanical_saw":1,"minecraft:coal_ore":61,"minecraft:gravel":174,"minecraft:dripstone_block":1,"minecraft:cobweb":8,"minecraft:fern":15},"minecraft:picked_up":{"minecraft:iron_chestplate":1,"minecraft:wheat":7,"minecraft:nether_brick_fence":2,"minecraft:lead":1,"create:wrench":1,"minecraft:amethyst_block":3,"minecraft:string":11,"minecraft:soul_soil":5,"minecraft:raw_copper":10,"minecraft:iron_leggings":2,"create:mechanical_press":3,"minecraft:gold_nugget":56,"minecraft:cobbled_deepslate":73,"minecraft:bucket":2,"minecraft:red_dye":24,"minecraft:cobblestone_slab":2,"minecraft:calcite":5,"minecraft:iron_pickaxe":2,"minecraft:furnace":2,"minecraft:iron_boots":1,"minecraft:stick":26,"create:mechanical_mixer":4,"create:dough":2,"minecraft:oak_fence":1,"minecraft:torch":6,"create:andesite_casing":19,"minecraft:porkchop":4,"minecraft:diorite":5,"minecraft:orange_bed":3,"minecraft:rotten_flesh":4,"create:asurine":1,"minecraft:blaze_rod":15,"minecraft:obsidian":20,"minecraft:cobblestone":947,"minecraft:magma_block":13,"minecraft:cooked_beef":8,"minecraft:water_bucket":2,"minecraft:andesite":242,"minecraft:brown_wool":2,"minecraft:smoker":3,"minecraft:flint":14,"create:raw_zinc":76,"minecraft:tuff":5,"minecraft:lapis_lazuli":6,"minecraft:dirt":898,"minecraft:bone":4,"minecraft:wheat_seeds":54,"minecraft:raw_gold":16,"minecraft:cobbled_deepslate_slab":1,"create:goggles":2,"create:shaft":14,"minecraft:moss_block":1,"minecraft:oak_planks":39,"create:cogwheel":2,"minecraft:lily_of_the_valley":10,"create:crimsite":1,"minecraft:sugar":2,"minecraft:diamond":21,"minecraft:bread":36,"minecraft:rooted_dirt":97,"minecraft:oak_sapling":14,"minecraft:netherrack":116,"minecraft:crimson_roots":3,"minecraft:diamond_pickaxe":4,"minecraft:crafting_table":9,"minecraft:shield":2,"minecraft:cornflower":3,"minecraft:oak_trapdoor":2,"minecraft:moss_carpet":1,"minecraft:iron_axe":3,"minecraft:detector_rail":2,"minecraft:beef":8,"minecraft:oak_boat":9,"minecraft:poppy":12,"minecraft:lectern":1,"minecraft:sugar_cane":128,"minecraft:raw_iron":96,"create:golden_sheet":7,"create:hand_crank":6,"minecraft:redstone":82,"create:zinc_ingot":44,"minecraft:nether_bricks":25,"minecraft:hay_block":8,"create:depot":2,"minecraft:glow_berries":8,"minecraft:mutton":20,"minecraft:white_wool":19,"minecraft:bone_block":20,"minecraft:oxeye_daisy":3,"create:iron_sheet":4,"minecraft:fern":32,"minecraft:leather":2,"minecraft:oak_log":50,"create:andesite_alloy":50,"minecraft:gunpowder":3,"minecraft:cooked_mutton":9,"minecraft:kelp":6,"minecraft:iron_ingot":28,"minecraft:iron_sword":2,"create:mechanical_saw":1,"minecraft:book":18,"minecraft:smooth_basalt":2,"create:large_water_wheel":1,"minecraft:dandelion":13,"minecraft:dripstone_block":1,"minecraft:raw_iron_block":2,"minecraft:gravel":157,"minecraft:lava_bucket":1,"minecraft:amethyst_shard":4,"minecraft:blast_furnace":2,"minecraft:spider_eye":3,"create:wheat_flour":1,"minecraft:lime_dye":2,"minecraft:pumpkin_seeds":3,"create:zinc_nugget":28,"create:encased_fan":1,"minecraft:diamond_axe":1,"minecraft:oak_button":5,"minecraft:coal":114}},"DataVersion":3465}