{"stats":{"minecraft:killed":{"minecraft:spider":2,"minecraft:hoglin":1,"minecraft:sheep":14,"minecraft:trader_llama":1,"minecraft:zombie":2,"minecraft:wither_skeleton":2,"minecraft:cow":4,"minecraft:blaze":9},"minecraft:dropped":{"minecraft:water_bucket":1,"minecraft:iron_ingot":11,"minecraft:bread":1,"minecraft:iron_sword":1,"minecraft:moss_block":1,"minecraft:wheat_seeds":8,"minecraft:lapis_lazuli":8,"minecraft:cooked_beef":12,"minecraft:oak_fence":1,"create:cogwheel":1,"create:andesite_casing":1,"minecraft:oxeye_daisy":2,"minecraft:diorite":5,"minecraft:crimson_roots":3,"minecraft:bone_meal":108,"create:goggles":1,"minecraft:iron_axe":2,"minecraft:red_dye":18,"minecraft:iron_pickaxe":1,"minecraft:string":4,"minecraft:dandelion":11,"minecraft:white_wool":2,"minecraft:bucket":1,"minecraft:smooth_basalt":2,"minecraft:moss_carpet":1,"minecraft:kelp":6,"minecraft:sugar_cane":2,"minecraft:oak_trapdoor":1,"minecraft:detector_rail":1,"minecraft:blaze_rod":2,"minecraft:tuff":2,"minecraft:wheat":7,"minecraft:oak_planks":45,"minecraft:diamond_shovel":1,"minecraft:cobbled_deepslate_slab":1,"minecraft:pumpkin_seeds":4,"minecraft:poppy":9,"create:zinc_ingot":58,"minecraft:diamond_pickaxe":3,"minecraft:andesite":242,"minecraft:spider_eye":1,"create:andesite_alloy":31,"create:golden_sheet":6},"minecraft:crafted":{"minecraft:grindstone":1,"minecraft:smooth_stone":3,"minecraft:oak_planks":104,"minecraft:raw_iron":18,"create:wrench":1,"minecraft:furnace":1,"minecraft:blast_furnace":1,"minecraft:stone":6,"minecraft:bone_meal":184,"minecraft:diamond_shovel":1,"minecraft:cooked_mutton":3,"minecraft:oak_trapdoor":2,"create:vertical_gearbox":1,"minecraft:glass":4,"minecraft:iron_boots":1,"create:mechanical_press":1,"minecraft:iron_axe":1,"minecraft:stone_pickaxe":1,"minecraft:chest":4,"minecraft:oak_button":2,"create:basin":1,"create:cogwheel":8,"minecraft:smoker":1,"minecraft:cooked_beef":8,"create:depot":1,"create:andesite_alloy":18,"create:hand_crank":1,"minecraft:cooked_porkchop":4,"minecraft:diamond_axe":1,"minecraft:cauldron":1,"minecraft:crafting_table":3,"minecraft:enchanting_table":1,"minecraft:iron_helmet":1,"minecraft:iron_sword":1,"create:dough":2,"create:goggles":2,"create:mechanical_mixer":1,"minecraft:bread":2,"minecraft:air":0,"create:gearbox":1,"minecraft:oak_boat":2,"create:whisk":1,"minecraft:book":1,"minecraft:iron_chestplate":1,"minecraft:paper":3,"minecraft:diamond_pickaxe":2,"minecraft:stick":24,"minecraft:stone_slab":6,"minecraft:iron_ingot":53,"minecraft:iron_pickaxe":1,"minecraft:iron_block":1,"minecraft:gold_ingot":6,"minecraft:iron_leggings":1,"minecraft:white_bed":1,"create:shaft":24,"minecraft:torch":24,"create:zinc_ingot":58},"minecraft:used":{"minecraft:oak_trapdoor":3,"minecraft:nether_brick_fence":2,"minecraft:enchanting_table":1,"minecraft:chest":4,"minecraft:shield":27,"minecraft:iron_sword":136,"minecraft:netherrack":1,"minecraft:orange_bed":4,"minecraft:torch":36,"minecraft:dirt":59,"create:mechanical_mixer":5,"create:cogwheel":1,"minecraft:nether_bricks":4,"create:depot":3,"minecraft:tuff":1,"minecraft:obsidian":12,"minecraft:lava_bucket":9,"minecraft:bookshelf":10,"minecraft:iron_axe":32,"create:shaft":1,"minecraft:furnace":1,"minecraft:oak_sapling":11,"minecraft:cooked_beef":4,"minecraft:cobbled_deepslate":35,"minecraft:wheat_seeds":6,"minecraft:cooked_mutton":10,"minecraft:water_bucket":12,"minecraft:stone_pickaxe":37,"create:crimsite":1,"minecraft:cauldron":1,"minecraft:diamond_axe":34,"minecraft:sugar_cane":38,"minecraft:glow_berries":7,"minecraft:crafting_table":8,"minecraft:blast_furnace":3,"minecraft:white_bed":1,"minecraft:smoker":3,"minecraft:oak_log":12,"minecraft:diamond_pickaxe":1352,"minecraft:diamond_shovel":1065,"create:mechanical_press":4,"minecraft:bread":30,"minecraft:oak_button":5,"minecraft:iron_pickaxe":93,"minecraft:detector_rail":1,"create:asurine":1,"minecraft:gravel":2,"create:large_water_wheel":1,"create:basin":1,"minecraft:cobblestone":72,"minecraft:cooked_porkchop":4,"minecraft:grindstone":1,"minecraft:bucket":22,"create:hand_crank":3,"create:vertical_gearbox":1,"minecraft:oak_boat":7,"minecraft:bone_meal":76},"minecraft:custom":{"minecraft:mob_kills":35,"minecraft:interact_with_crafting_table":73,"minecraft:fill_cauldron":1,"minecraft:leave_game":1,"minecraft:time_since_death":270384,"minecraft:climb_one_cm":1045,"minecraft:sprint_one_cm":486267,"minecraft:walk_one_cm":526390,"minecraft:damage_blocked_by_shield":2175,"minecraft:drop":119,"minecraft:talked_to_villager":2,"minecraft:play_time":280459,"minecraft:deaths":1,"minecraft:sneak_time":12382,"minecraft:walk_under_water_one_cm":7930,"minecraft:boat_one_cm":53420,"minecraft:jump":3730,"minecraft:interact_with_blast_furnace":50,"minecraft:walk_on_water_one_cm":29281,"minecraft:enchant_item":7,"minecraft:total_world_time":280459,"minecraft:interact_with_furnace":30,"minecraft:interact_with_grindstone":2,"minecraft:sleep_in_bed":16,"minecraft:time_since_rest":11803,"minecraft:damage_taken":1868,"minecraft:damage_dealt":5769,"minecraft:swim_one_cm":48901,"minecraft:fly_one_cm":658060,"minecraft:open_chest":64,"minecraft:crouch_one_cm":55962,"minecraft:interact_with_smoker":12,"minecraft:fall_one_cm":84551},"minecraft:mined":{"minecraft:nether_gold_ore":4,"create:zinc_ore":15,"create:deepslate_zinc_ore":22,"minecraft:tuff":5,"minecraft:dark_oak_leaves":1,"minecraft:deepslate_diamond_ore":8,"create:andesite_casing":12,"minecraft:obsidian":9,"minecraft:nether_bricks":14,"minecraft:grass_block":462,"minecraft:crimson_roots":2,"create:depot":2,"minecraft:redstone_wire":1,"minecraft:soul_soil":3,"minecraft:moss_block":2,"minecraft:oxeye_daisy":1,"minecraft:rooted_dirt":2,"minecraft:spawner":1,"minecraft:raw_iron_block":1,"minecraft:oak_trapdoor":2,"minecraft:furnace":2,"minecraft:iron_ore":2,"minecraft:cobbled_deepslate":2,"minecraft:fire":4,"minecraft:andesite":240,"minecraft:azure_bluet":1,"minecraft:nether_brick_fence":2,"create:asurine":1,"minecraft:cave_vines":1,"minecraft:deepslate_iron_ore":24,"minecraft:dirt_path":1,"minecraft:stone":834,"minecraft:bone_block":19,"create:mechanical_press":2,"minecraft:orange_bed":2,"minecraft:deepslate_redstone_ore":5,"minecraft:soul_sand":9,"minecraft:kelp_plant":1,"minecraft:smoker":2,"minecraft:crimson_nylium":3,"minecraft:amethyst_cluster":1,"minecraft:dandelion":6,"minecraft:cornflower":1,"minecraft:crafting_table":5,"minecraft:blast_furnace":2,"minecraft:calcite":2,"minecraft:poppy":9,"minecraft:copper_ore":3,"minecraft:tall_grass":36,"minecraft:cobblestone":16,"minecraft:deepslate_gold_ore":4,"minecraft:sugar_cane":54,"minecraft:oak_planks":2,"minecraft:diorite":5,"minecraft:wall_torch":2,"minecraft:amethyst_block":3,"minecraft:wheat":4,"create:mechanical_mixer":4,"minecraft:grass":108,"minecraft:coal_ore":61,"minecraft:oak_log":46,"create:hand_crank":2,"minecraft:gravel":174,"minecraft:dirt":415,"minecraft:cobweb":8,"minecraft:smooth_basalt":1,"minecraft:netherrack":64,"create:crimsite":1,"minecraft:oak_leaves":28,"minecraft:deepslate":64},"minecraft:picked_up":{"minecraft:wheat":7,"minecraft:crafting_table":6,"minecraft:nether_brick_fence":2,"minecraft:lead":1,"minecraft:shield":1,"minecraft:amethyst_block":3,"minecraft:soul_soil":3,"minecraft:string":11,"minecraft:oak_trapdoor":2,"minecraft:moss_carpet":1,"minecraft:raw_copper":10,"minecraft:iron_axe":1,"minecraft:gold_nugget":28,"create:mechanical_press":3,"minecraft:detector_rail":2,"minecraft:cobbled_deepslate":64,"minecraft:bucket":1,"minecraft:beef":8,"minecraft:red_dye":16,"minecraft:oak_boat":6,"minecraft:calcite":5,"minecraft:poppy":12,"minecraft:iron_pickaxe":1,"minecraft:sugar_cane":83,"minecraft:furnace":2,"minecraft:stick":8,"minecraft:raw_iron":53,"create:mechanical_mixer":4,"create:golden_sheet":6,"minecraft:oak_fence":1,"minecraft:torch":6,"create:andesite_casing":12,"minecraft:porkchop":4,"create:hand_crank":2,"minecraft:diorite":5,"minecraft:redstone":31,"minecraft:orange_bed":3,"minecraft:rotten_flesh":1,"minecraft:nether_bricks":15,"create:asurine":1,"create:depot":2,"minecraft:blaze_rod":15,"minecraft:mutton":18,"minecraft:glow_berries":7,"minecraft:obsidian":20,"minecraft:bone_block":20,"minecraft:white_wool":12,"minecraft:cobblestone":848,"minecraft:oxeye_daisy":2,"minecraft:cooked_beef":8,"minecraft:water_bucket":2,"minecraft:andesite":242,"minecraft:brown_wool":2,"minecraft:leather":2,"minecraft:smoker":2,"create:andesite_alloy":30,"minecraft:flint":14,"minecraft:tuff":5,"create:raw_zinc":59,"minecraft:oak_log":46,"minecraft:gunpowder":3,"minecraft:lapis_lazuli":6,"minecraft:dirt":827,"minecraft:cooked_mutton":8,"minecraft:bone":4,"minecraft:kelp":6,"minecraft:wheat_seeds":50,"minecraft:raw_gold":12,"minecraft:cobbled_deepslate_slab":1,"minecraft:iron_ingot":18,"minecraft:moss_block":1,"minecraft:iron_sword":1,"minecraft:oak_planks":36,"minecraft:book":6,"minecraft:smooth_basalt":2,"create:large_water_wheel":1,"minecraft:dandelion":11,"minecraft:gravel":157,"minecraft:raw_iron_block":2,"minecraft:lava_bucket":1,"minecraft:amethyst_shard":4,"minecraft:blast_furnace":2,"minecraft:spider_eye":3,"create:wheat_flour":1,"minecraft:pumpkin_seeds":3,"create:crimsite":1,"minecraft:diamond":14,"minecraft:rooted_dirt":25,"minecraft:oak_button":5,"minecraft:bread":1,"minecraft:oak_sapling":13,"minecraft:netherrack":43,"minecraft:coal":86,"minecraft:crimson_roots":3,"minecraft:diamond_pickaxe":2}},"DataVersion":3465}