{"stats":{"minecraft:dropped":{"minecraft:iron_ingot":4,"minecraft:moss_carpet":1,"minecraft:moss_block":1,"minecraft:wheat_seeds":1,"minecraft:detector_rail":1,"minecraft:tuff":2,"minecraft:oak_fence":1,"minecraft:pumpkin_seeds":4,"minecraft:diamond_pickaxe":1,"minecraft:iron_axe":1,"minecraft:iron_pickaxe":1,"minecraft:smooth_basalt":2},"minecraft:crafted":{"minecraft:smooth_stone":3,"minecraft:raw_iron":18,"minecraft:iron_helmet":1,"minecraft:iron_sword":1,"minecraft:blast_furnace":1,"minecraft:stone":3,"minecraft:air":0,"minecraft:iron_boots":1,"minecraft:iron_chestplate":1,"minecraft:diamond_pickaxe":2,"minecraft:iron_axe":1,"minecraft:stick":16,"minecraft:iron_ingot":52,"minecraft:iron_pickaxe":1,"minecraft:stone_pickaxe":1,"minecraft:iron_leggings":1,"minecraft:torch":24},"minecraft:used":{"minecraft:stone_pickaxe":37,"create:crimsite":1,"minecraft:iron_sword":16,"minecraft:torch":34,"minecraft:glow_berries":7,"minecraft:dirt":3,"minecraft:crafting_table":4,"minecraft:blast_furnace":2,"minecraft:iron_axe":4,"minecraft:bread":4,"minecraft:iron_pickaxe":76,"minecraft:detector_rail":1,"minecraft:cobblestone":1,"minecraft:oak_sapling":1},"minecraft:custom":{"minecraft:interact_with_furnace":24,"minecraft:interact_with_crafting_table":14,"minecraft:leave_game":1,"minecraft:time_since_death":36384,"minecraft:climb_one_cm":681,"minecraft:time_since_rest":36615,"minecraft:sprint_one_cm":128738,"minecraft:damage_taken":309,"minecraft:walk_one_cm":127224,"minecraft:drop":12,"minecraft:damage_dealt":630,"minecraft:swim_one_cm":12672,"minecraft:fly_one_cm":67139,"minecraft:crouch_one_cm":5097,"minecraft:play_time":46459,"minecraft:deaths":1,"minecraft:sneak_time":2041,"minecraft:walk_under_water_one_cm":1912,"minecraft:jump":622,"minecraft:interact_with_blast_furnace":24,"minecraft:walk_on_water_one_cm":9622,"minecraft:total_world_time":46459,"minecraft:fall_one_cm":13102},"minecraft:mined":{"minecraft:deepslate_redstone_ore":4,"create:deepslate_zinc_ore":13,"minecraft:tuff":3,"minecraft:dark_oak_leaves":1,"minecraft:deepslate_diamond_ore":7,"minecraft:amethyst_cluster":1,"minecraft:crafting_table":4,"minecraft:blast_furnace":2,"minecraft:grass_block":3,"minecraft:calcite":2,"minecraft:tall_grass":2,"minecraft:deepslate_gold_ore":4,"minecraft:oak_planks":2,"minecraft:moss_block":2,"minecraft:amethyst_block":3,"minecraft:spawner":1,"minecraft:raw_iron_block":1,"minecraft:furnace":1,"minecraft:grass":4,"minecraft:cave_vines":1,"minecraft:coal_ore":15,"minecraft:deepslate_iron_ore":24,"minecraft:dirt":1,"minecraft:cobweb":8,"minecraft:smooth_basalt":1,"minecraft:stone":5,"create:crimsite":1,"minecraft:oak_leaves":3,"minecraft:deepslate":13},"minecraft:picked_up":{"minecraft:crafting_table":5,"minecraft:tuff":2,"create:raw_zinc":12,"minecraft:gunpowder":3,"minecraft:amethyst_block":3,"minecraft:dirt":3,"minecraft:string":8,"minecraft:moss_carpet":1,"minecraft:iron_axe":1,"minecraft:wheat_seeds":1,"minecraft:cobbled_deepslate":10,"minecraft:detector_rail":2,"minecraft:raw_gold":4,"minecraft:bucket":1,"minecraft:iron_ingot":10,"minecraft:calcite":5,"minecraft:iron_pickaxe":1,"minecraft:moss_block":1,"minecraft:oak_planks":8,"minecraft:furnace":1,"minecraft:stick":2,"minecraft:raw_iron":51,"minecraft:smooth_basalt":2,"minecraft:oak_fence":1,"minecraft:torch":4,"minecraft:raw_iron_block":2,"minecraft:lava_bucket":1,"minecraft:amethyst_shard":4,"minecraft:blast_furnace":2,"minecraft:redstone":17,"minecraft:spider_eye":1,"minecraft:pumpkin_seeds":3,"create:crimsite":1,"minecraft:diamond":13,"minecraft:oak_sapling":1,"minecraft:glow_berries":7,"minecraft:coal":28,"minecraft:cobblestone":14}},"DataVersion":3465}