{"stats":{"minecraft:dropped":{"minecraft:bread":1,"minecraft:iron_ingot":4,"minecraft:moss_carpet":1,"minecraft:moss_block":1,"minecraft:wheat_seeds":1,"minecraft:detector_rail":1,"minecraft:tuff":2,"minecraft:oak_fence":1,"minecraft:pumpkin_seeds":4,"minecraft:diamond_pickaxe":1,"minecraft:iron_axe":1,"minecraft:iron_pickaxe":1,"minecraft:bucket":1,"minecraft:smooth_basalt":2},"minecraft:crafted":{"minecraft:smooth_stone":3,"minecraft:raw_iron":18,"minecraft:iron_helmet":1,"minecraft:iron_sword":1,"minecraft:blast_furnace":1,"minecraft:stone":3,"minecraft:air":0,"minecraft:iron_boots":1,"minecraft:iron_chestplate":1,"minecraft:diamond_pickaxe":2,"minecraft:iron_axe":1,"minecraft:stick":16,"minecraft:iron_ingot":52,"minecraft:iron_pickaxe":1,"minecraft:stone_pickaxe":1,"minecraft:iron_leggings":1,"minecraft:torch":24},"minecraft:used":{"minecraft:water_bucket":3,"minecraft:stone_pickaxe":37,"create:crimsite":1,"minecraft:iron_sword":16,"minecraft:torch":34,"minecraft:glow_berries":7,"minecraft:dirt":3,"minecraft:crafting_table":4,"minecraft:blast_furnace":2,"minecraft:obsidian":2,"minecraft:diamond_pickaxe":69,"minecraft:lava_bucket":9,"minecraft:iron_axe":4,"minecraft:bread":6,"minecraft:iron_pickaxe":86,"minecraft:detector_rail":1,"minecraft:cobblestone":1,"minecraft:oak_sapling":1,"minecraft:bucket":12,"minecraft:cobbled_deepslate":32},"minecraft:custom":{"minecraft:interact_with_furnace":24,"minecraft:interact_with_crafting_table":14,"minecraft:leave_game":1,"minecraft:time_since_death":48384,"minecraft:climb_one_cm":681,"minecraft:time_since_rest":48615,"minecraft:sprint_one_cm":150179,"minecraft:damage_taken":334,"minecraft:walk_one_cm":159145,"minecraft:drop":14,"minecraft:damage_dealt":638,"minecraft:swim_one_cm":12672,"minecraft:fly_one_cm":74038,"minecraft:crouch_one_cm":6720,"minecraft:play_time":58459,"minecraft:deaths":1,"minecraft:sneak_time":2633,"minecraft:walk_under_water_one_cm":2202,"minecraft:jump":755,"minecraft:interact_with_blast_furnace":24,"minecraft:walk_on_water_one_cm":13018,"minecraft:total_world_time":58459,"minecraft:fall_one_cm":13849},"minecraft:mined":{"minecraft:deepslate_redstone_ore":5,"create:deepslate_zinc_ore":22,"minecraft:tuff":5,"minecraft:dark_oak_leaves":1,"minecraft:deepslate_diamond_ore":8,"minecraft:crimson_nylium":2,"minecraft:amethyst_cluster":1,"minecraft:obsidian":8,"minecraft:crafting_table":4,"minecraft:blast_furnace":2,"minecraft:grass_block":3,"minecraft:calcite":2,"minecraft:crimson_roots":2,"minecraft:tall_grass":2,"minecraft:deepslate_gold_ore":4,"minecraft:oak_planks":2,"minecraft:moss_block":2,"minecraft:amethyst_block":3,"minecraft:spawner":1,"minecraft:raw_iron_block":1,"minecraft:furnace":1,"minecraft:cobbled_deepslate":1,"minecraft:grass":4,"minecraft:cave_vines":1,"minecraft:coal_ore":15,"minecraft:deepslate_iron_ore":24,"minecraft:dirt":1,"minecraft:cobweb":8,"minecraft:smooth_basalt":1,"minecraft:stone":5,"minecraft:netherrack":1,"create:crimsite":1,"minecraft:oak_leaves":3,"minecraft:deepslate":64},"minecraft:picked_up":{"minecraft:crafting_table":5,"minecraft:water_bucket":1,"minecraft:tuff":4,"create:raw_zinc":21,"minecraft:gunpowder":3,"minecraft:amethyst_block":3,"minecraft:dirt":3,"minecraft:string":8,"minecraft:moss_carpet":1,"minecraft:iron_axe":1,"minecraft:wheat_seeds":1,"minecraft:cobbled_deepslate":63,"minecraft:detector_rail":2,"minecraft:raw_gold":4,"minecraft:bucket":1,"minecraft:iron_ingot":10,"minecraft:calcite":5,"minecraft:iron_pickaxe":1,"minecraft:moss_block":1,"minecraft:oak_planks":8,"minecraft:furnace":1,"minecraft:stick":2,"minecraft:raw_iron":51,"minecraft:smooth_basalt":2,"minecraft:oak_fence":1,"minecraft:torch":4,"minecraft:raw_iron_block":2,"minecraft:lava_bucket":1,"minecraft:amethyst_shard":4,"minecraft:blast_furnace":2,"minecraft:redstone":22,"minecraft:spider_eye":1,"minecraft:pumpkin_seeds":3,"create:crimsite":1,"minecraft:diamond":14,"minecraft:bread":1,"minecraft:oak_sapling":1,"minecraft:glow_berries":7,"minecraft:obsidian":15,"minecraft:coal":28,"minecraft:crimson_roots":2,"minecraft:cobblestone":14}},"DataVersion":3465}