{"stats":{"minecraft:picked_up":{"minecraft:oak_sapling":1,"minecraft:dirt":3},"minecraft:custom":{"minecraft:time_since_rest":9615,"minecraft:crouch_one_cm":588,"minecraft:play_time":9615,"minecraft:sprint_one_cm":10736,"minecraft:damage_taken":30,"minecraft:walk_one_cm":19349,"minecraft:sneak_time":378,"minecraft:walk_under_water_one_cm":807,"minecraft:jump":101,"minecraft:damage_dealt":40,"minecraft:leave_game":1,"minecraft:time_since_death":9615,"minecraft:walk_on_water_one_cm":531,"minecraft:total_world_time":9615,"minecraft:swim_one_cm":10434,"minecraft:fall_one_cm":2450,"minecraft:fly_one_cm":17451},"minecraft:mined":{"minecraft:grass_block":3,"minecraft:dirt":1,"minecraft:dark_oak_leaves":1,"minecraft:oak_leaves":3},"minecraft:used":{"minecraft:dirt":3,"minecraft:oak_sapling":1}},"DataVersion":3465}