{"stats":{"minecraft:custom":{"minecraft:interact_with_crafting_table":117,"minecraft:leave_game":4,"minecraft:time_since_death":228657,"minecraft:sprint_one_cm":871378,"minecraft:damage_blocked_by_shield":2780,"minecraft:drop":290,"minecraft:talked_to_villager":2,"minecraft:play_time":509424,"minecraft:deaths":2,"minecraft:jump":8196,"minecraft:walk_on_water_one_cm":48639,"minecraft:enchant_item":7,"minecraft:interact_with_furnace":32,"minecraft:sleep_in_bed":28,"minecraft:damage_dealt":16369,"minecraft:crouch_one_cm":86911,"minecraft:interact_with_smoker":22,"minecraft:use_cauldron":6,"minecraft:mob_kills":79,"minecraft:fill_cauldron":3,"minecraft:climb_one_cm":1093,"minecraft:walk_one_cm":984277,"minecraft:sneak_time":23213,"minecraft:walk_under_water_one_cm":12290,"minecraft:boat_one_cm":90102,"minecraft:interact_with_blast_furnace":83,"minecraft:total_world_time":509424,"minecraft:interact_with_grindstone":3,"minecraft:time_since_rest":39074,"minecraft:damage_taken":5041,"minecraft:swim_one_cm":76902,"minecraft:fly_one_cm":1526654,"minecraft:open_chest":197,"minecraft:fall_one_cm":211945},"minecraft:picked_up":{"minecraft:iron_chestplate":1,"minecraft:wheat":7,"minecraft:nether_brick_fence":3,"minecraft:lead":1,"create:wrench":1,"create:item_drain":1,"minecraft:amethyst_block":3,"minecraft:string":12,"minecraft:soul_soil":6,"minecraft:raw_copper":549,"minecraft:iron_leggings":2,"minecraft:cobbled_deepslate":121,"create:mechanical_press":3,"minecraft:gold_nugget":56,"minecraft:bucket":3,"minecraft:red_dye":24,"minecraft:cobblestone_slab":2,"minecraft:calcite":5,"minecraft:iron_pickaxe":2,"minecraft:furnace":2,"minecraft:iron_boots":1,"minecraft:stick":26,"create:mechanical_mixer":4,"create:dough":2,"minecraft:oak_fence":1,"minecraft:torch":6,"create:andesite_casing":19,"minecraft:porkchop":4,"minecraft:pointed_dripstone":6,"minecraft:diorite":5,"minecraft:orange_bed":3,"minecraft:rotten_flesh":29,"create:asurine":1,"minecraft:blaze_rod":15,"minecraft:obsidian":20,"minecraft:cobblestone":998,"minecraft:magma_block":13,"minecraft:cooked_beef":8,"create:fluid_tank":104,"minecraft:water_bucket":2,"minecraft:andesite":246,"minecraft:brown_wool":2,"minecraft:smoker":3,"minecraft:flint":14,"minecraft:tuff":5,"create:raw_zinc":232,"minecraft:lapis_lazuli":28,"minecraft:dirt":902,"minecraft:bone":12,"minecraft:wheat_seeds":109,"minecraft:raw_gold":114,"minecraft:cobbled_deepslate_slab":1,"create:goggles":2,"create:shaft":14,"minecraft:moss_block":1,"create:super_glue":1,"minecraft:oak_planks":49,"create:cogwheel":4,"create:empty_blaze_burner":5,"minecraft:nether_brick_stairs":1,"minecraft:grass_block":1,"minecraft:lily_of_the_valley":12,"minecraft:barrel":3,"create:crimsite":1,"minecraft:sugar":2,"minecraft:diamond":83,"minecraft:bread":44,"minecraft:rooted_dirt":97,"minecraft:oak_sapling":15,"minecraft:netherrack":171,"create:precision_mechanism":1,"minecraft:crimson_roots":3,"minecraft:diamond_pickaxe":5,"create:copper_sheet":12,"minecraft:crafting_table":10,"minecraft:nether_wart":14,"minecraft:shield":2,"minecraft:cornflower":3,"minecraft:oak_trapdoor":2,"minecraft:moss_carpet":1,"minecraft:iron_axe":3,"minecraft:detector_rail":2,"minecraft:beef":8,"minecraft:oak_boat":11,"minecraft:poppy":12,"minecraft:lectern":2,"minecraft:sugar_cane":128,"minecraft:raw_iron":188,"create:golden_sheet":7,"minecraft:copper_ingot":221,"create:hand_crank":7,"minecraft:redstone":119,"create:zinc_ingot":104,"minecraft:nether_bricks":26,"minecraft:hay_block":8,"create:depot":2,"minecraft:glow_berries":8,"minecraft:mutton":20,"minecraft:bone_block":28,"minecraft:white_wool":19,"minecraft:oxeye_daisy":3,"create:iron_sheet":4,"minecraft:leather":2,"minecraft:fern":32,"minecraft:oak_log":77,"create:andesite_alloy":50,"minecraft:gunpowder":3,"create:blaze_burner":5,"minecraft:cooked_mutton":9,"minecraft:kelp":6,"minecraft:iron_ingot":28,"minecraft:iron_sword":2,"create:mechanical_saw":1,"minecraft:book":45,"minecraft:smooth_basalt":2,"create:large_water_wheel":2,"minecraft:quartz":32,"minecraft:dandelion":13,"minecraft:dripstone_block":1,"minecraft:raw_iron_block":2,"minecraft:gravel":159,"minecraft:lava_bucket":2,"minecraft:amethyst_shard":4,"minecraft:blast_furnace":2,"minecraft:spider_eye":5,"create:wheat_flour":1,"minecraft:pumpkin_seeds":3,"minecraft:lime_dye":2,"create:zinc_nugget":28,"create:encased_fan":1,"minecraft:diamond_axe":1,"minecraft:oak_button":5,"minecraft:coal":169,"minecraft:ender_pearl":1},"minecraft:killed":{"minecraft:spider":5,"minecraft:skeleton":9,"minecraft:creeper":2,"minecraft:sheep":14,"minecraft:trader_llama":1,"minecraft:zombie":29,"minecraft:cow":4,"minecraft:blaze":9,"minecraft:hoglin":1,"minecraft:wither_skeleton":3,"minecraft:enderman":2},"minecraft:used":{"minecraft:nether_brick_fence":3,"minecraft:bone_block":3,"minecraft:chest":6,"minecraft:shield":47,"minecraft:iron_sword":252,"minecraft:rotten_flesh":3,"create:fluid_tank":38,"create:cogwheel":4,"minecraft:nether_bricks":5,"create:depot":3,"minecraft:tuff":1,"minecraft:obsidian":12,"minecraft:lava_bucket":11,"minecraft:grass_block":1,"create:shaft":2,"minecraft:oak_sapling":12,"minecraft:furnace":1,"create:crimsite":1,"minecraft:oak_planks":10,"minecraft:stone_pickaxe":37,"minecraft:ender_pearl":1,"minecraft:sugar_cane":38,"minecraft:diamond_axe":162,"create:mechanical_saw":1,"minecraft:glow_berries":7,"minecraft:blast_furnace":3,"minecraft:dripstone_block":1,"minecraft:shears":15,"minecraft:bread":107,"minecraft:lectern":1,"create:asurine":1,"minecraft:gravel":4,"create:basin":1,"minecraft:grindstone":1,"create:vertical_gearbox":1,"minecraft:oak_boat":10,"minecraft:bone_meal":76,"minecraft:oak_trapdoor":3,"minecraft:enchanting_table":1,"minecraft:netherrack":1,"minecraft:orange_bed":4,"minecraft:torch":36,"minecraft:dirt":102,"create:mechanical_mixer":5,"minecraft:bookshelf":21,"minecraft:iron_axe":32,"minecraft:soul_soil":1,"minecraft:cooked_beef":4,"minecraft:cobbled_deepslate":37,"minecraft:wheat_seeds":6,"minecraft:cooked_mutton":13,"minecraft:water_bucket":12,"create:empty_blaze_burner":5,"minecraft:cauldron":1,"minecraft:cobblestone_slab":32,"create:blaze_burner":7,"create:item_drain":1,"minecraft:crafting_table":12,"minecraft:white_bed":1,"minecraft:smoker":4,"minecraft:oak_log":13,"minecraft:diamond_pickaxe":2186,"minecraft:diamond_shovel":1065,"create:mechanical_press":4,"minecraft:oak_button":5,"minecraft:iron_pickaxe":93,"minecraft:detector_rail":1,"create:large_water_wheel":2,"minecraft:cobblestone":308,"minecraft:cooked_porkchop":4,"minecraft:bucket":29,"create:hand_crank":7},"minecraft:broken":{"minecraft:diamond_pickaxe":1,"minecraft:iron_sword":1,"minecraft:shield":1},"minecraft:crafted":{"minecraft:grindstone":1,"minecraft:smooth_stone":3,"minecraft:oak_planks":428,"minecraft:cobblestone_slab":42,"minecraft:barrel":30,"minecraft:stone":6,"minecraft:diamond_shovel":1,"minecraft:bookshelf":11,"minecraft:cooked_mutton":5,"create:vertical_gearbox":1,"minecraft:glass":4,"minecraft:iron_boots":1,"create:mechanical_press":1,"minecraft:chest":6,"minecraft:oak_button":2,"create:cogwheel":12,"minecraft:smoker":1,"create:depot":1,"minecraft:oak_slab":60,"minecraft:cauldron":1,"minecraft:cooked_porkchop":4,"minecraft:diamond_axe":1,"minecraft:crafting_table":3,"create:mechanical_saw":1,"minecraft:iron_helmet":1,"create:mechanical_mixer":1,"create:gearbox":2,"minecraft:iron_chestplate":1,"minecraft:book":1,"minecraft:paper":48,"minecraft:diamond_pickaxe":3,"create:super_glue":1,"minecraft:stone_slab":6,"minecraft:stick":24,"minecraft:iron_ingot":77,"minecraft:iron_pickaxe":1,"minecraft:iron_block":1,"minecraft:gold_ingot":13,"minecraft:shears":2,"minecraft:raw_iron":18,"create:wrench":1,"minecraft:iron_nugget":9,"minecraft:furnace":1,"minecraft:blast_furnace":1,"minecraft:bone_meal":184,"minecraft:oak_trapdoor":2,"minecraft:iron_axe":1,"minecraft:slime_ball":2,"minecraft:stone_pickaxe":1,"create:fluid_tank":33,"create:basin":1,"minecraft:wheat":72,"minecraft:cooked_beef":8,"create:andesite_alloy":18,"create:hand_crank":1,"minecraft:enchanting_table":1,"minecraft:iron_sword":1,"create:dough":2,"create:goggles":2,"minecraft:bread":26,"minecraft:air":0,"minecraft:oak_boat":2,"create:whisk":1,"minecraft:iron_leggings":1,"minecraft:white_bed":1,"create:shaft":56,"minecraft:torch":24,"create:zinc_ingot":66},"minecraft:dropped":{"minecraft:nether_brick_stairs":1,"minecraft:iron_sword":1,"create:super_glue":2,"minecraft:moss_block":1,"minecraft:lapis_lazuli":8,"minecraft:cooked_beef":12,"minecraft:oak_log":13,"minecraft:glow_berries":1,"create:cogwheel":2,"minecraft:rooted_dirt":50,"create:fluid_tank":40,"minecraft:dirt":96,"create:brass_sheet":8,"minecraft:cornflower":3,"minecraft:crimson_roots":3,"minecraft:bone_meal":108,"minecraft:bone_block":5,"create:goggles":2,"create:iron_sheet":3,"minecraft:sugar":2,"minecraft:iron_pickaxe":1,"minecraft:white_wool":2,"minecraft:bone":8,"minecraft:sugar_cane":2,"minecraft:detector_rail":1,"minecraft:cobbled_deepslate":5,"minecraft:wheat":7,"minecraft:pointed_dripstone":6,"minecraft:oak_planks":73,"minecraft:diamond_shovel":1,"minecraft:poppy":9,"create:encased_fan":1,"minecraft:white_dye":12,"minecraft:quartz":34,"minecraft:netherrack":128,"create:andesite_alloy":47,"minecraft:water_bucket":1,"minecraft:iron_ingot":19,"minecraft:bread":36,"minecraft:wheat_seeds":68,"create:mechanical_saw":1,"minecraft:oak_fence":1,"minecraft:cobblestone":2,"minecraft:book":6,"create:precision_mechanism":1,"create:zinc_nugget":28,"minecraft:copper_ingot":2,"minecraft:stick":16,"minecraft:oxeye_daisy":2,"create:andesite_casing":7,"minecraft:lava_bucket":1,"minecraft:diorite":5,"create:blaze_burner":3,"minecraft:green_dye":5,"minecraft:iron_leggings":1,"minecraft:iron_axe":3,"minecraft:red_dye":26,"minecraft:paper":45,"minecraft:string":5,"minecraft:bucket":3,"create:raw_zinc":59,"minecraft:dandelion":11,"minecraft:smooth_basalt":2,"minecraft:redstone":9,"minecraft:moss_carpet":1,"minecraft:kelp":6,"minecraft:oak_trapdoor":1,"minecraft:soul_soil":2,"create:shaft":30,"minecraft:nether_wart":14,"minecraft:blaze_rod":2,"minecraft:raw_copper":430,"minecraft:tuff":2,"minecraft:cobbled_deepslate_slab":1,"minecraft:nether_bricks":10,"minecraft:shears":1,"minecraft:pumpkin_seeds":4,"minecraft:lily_of_the_valley":10,"create:zinc_ingot":103,"minecraft:diamond_pickaxe":5,"minecraft:andesite":244,"create:hand_crank":1,"minecraft:spider_eye":1,"minecraft:magma_block":13,"create:golden_sheet":6},"minecraft:mined":{"create:deepslate_zinc_ore":70,"minecraft:white_bed":1,"minecraft:oak_sapling":1,"create:andesite_casing":12,"minecraft:obsidian":9,"minecraft:grass_block":503,"minecraft:soul_soil":8,"minecraft:oxeye_daisy":1,"minecraft:nether_wart":10,"minecraft:spawner":2,"minecraft:magma_block":13,"minecraft:raw_iron_block":1,"minecraft:cobbled_deepslate":2,"minecraft:iron_ore":39,"minecraft:fire":7,"minecraft:barrel":3,"minecraft:deepslate_lapis_ore":2,"minecraft:azure_bluet":1,"minecraft:nether_brick_stairs":1,"create:asurine":1,"minecraft:pointed_dripstone":5,"minecraft:cave_vines":1,"minecraft:dirt_path":1,"create:mechanical_press":2,"minecraft:orange_bed":2,"minecraft:deepslate_redstone_ore":8,"minecraft:kelp_plant":1,"minecraft:smoker":2,"minecraft:crimson_nylium":3,"minecraft:amethyst_cluster":1,"minecraft:blast_furnace":3,"minecraft:calcite":2,"minecraft:poppy":9,"minecraft:nether_quartz_ore":14,"minecraft:cobblestone":104,"minecraft:sugar_cane":54,"minecraft:oak_planks":14,"minecraft:wall_torch":2,"minecraft:amethyst_block":3,"create:large_water_wheel":1,"minecraft:wheat":4,"create:mechanical_mixer":4,"minecraft:grass":114,"minecraft:oak_log":60,"create:hand_crank":5,"minecraft:dirt":451,"minecraft:smooth_basalt":1,"minecraft:netherrack":194,"create:crimsite":1,"minecraft:oak_leaves":28,"minecraft:deepslate":123,"create:zinc_ore":56,"minecraft:nether_gold_ore":4,"minecraft:tuff":5,"minecraft:dark_oak_leaves":1,"minecraft:deepslate_diamond_ore":39,"create:fluid_tank":64,"minecraft:glow_lichen":1,"minecraft:nether_bricks":25,"minecraft:crimson_roots":2,"create:depot":2,"minecraft:redstone_wire":1,"minecraft:moss_block":2,"minecraft:rooted_dirt":4,"minecraft:large_fern":8,"minecraft:redstone_ore":12,"minecraft:oak_trapdoor":2,"minecraft:furnace":2,"minecraft:andesite":242,"minecraft:nether_brick_fence":3,"minecraft:bookshelf":9,"minecraft:deepslate_iron_ore":70,"minecraft:cobblestone_slab":2,"minecraft:stone":879,"minecraft:bone_block":28,"minecraft:soul_sand":9,"minecraft:dandelion":8,"minecraft:crafting_table":8,"minecraft:cornflower":1,"minecraft:lectern":1,"minecraft:tall_grass":49,"minecraft:copper_ore":53,"minecraft:deepslate_gold_ore":49,"minecraft:diorite":6,"create:mechanical_saw":1,"create:water_wheel_structure":1,"create:blaze_burner":5,"minecraft:coal_ore":89,"minecraft:gravel":176,"minecraft:dripstone_block":1,"minecraft:cobweb":8,"minecraft:fern":15}},"DataVersion":3465}