{"stats":{"minecraft:dropped":{"minecraft:wheat_seeds":1},"minecraft:crafted":{"minecraft:stone_pickaxe":1,"minecraft:stone":3,"minecraft:air":0},"minecraft:used":{"minecraft:stone_pickaxe":36,"minecraft:glow_berries":6,"minecraft:dirt":3,"minecraft:cobblestone":1,"minecraft:crafting_table":2,"minecraft:oak_sapling":1},"minecraft:mined":{"minecraft:tuff":2,"minecraft:dark_oak_leaves":1,"minecraft:crafting_table":1,"minecraft:grass":4,"minecraft:grass_block":3,"minecraft:coal_ore":15,"minecraft:cave_vines":1,"minecraft:deepslate_iron_ore":7,"minecraft:dirt":1,"minecraft:tall_grass":2,"minecraft:stone":5,"minecraft:moss_block":2,"minecraft:oak_leaves":3,"minecraft:deepslate":1},"minecraft:custom":{"minecraft:time_since_rest":12615,"minecraft:interact_with_furnace":21,"minecraft:sprint_one_cm":38989,"minecraft:damage_taken":260,"minecraft:walk_one_cm":52046,"minecraft:drop":1,"minecraft:damage_dealt":90,"minecraft:swim_one_cm":12258,"minecraft:interact_with_crafting_table":4,"minecraft:fly_one_cm":47621,"minecraft:crouch_one_cm":2149,"minecraft:play_time":22459,"minecraft:deaths":1,"minecraft:sneak_time":932,"minecraft:walk_under_water_one_cm":1766,"minecraft:jump":376,"minecraft:interact_with_blast_furnace":3,"minecraft:leave_game":1,"minecraft:time_since_death":12384,"minecraft:walk_on_water_one_cm":6536,"minecraft:total_world_time":22459,"minecraft:climb_one_cm":681,"minecraft:fall_one_cm":9257},"minecraft:picked_up":{"minecraft:raw_iron":5,"minecraft:stick":2,"minecraft:crafting_table":2,"minecraft:tuff":2,"minecraft:dirt":3,"minecraft:moss_carpet":1,"minecraft:wheat_seeds":1,"minecraft:iron_ingot":5,"minecraft:oak_planks":2,"minecraft:oak_sapling":1,"minecraft:moss_block":1,"minecraft:glow_berries":7,"minecraft:coal":15,"minecraft:cobblestone":6}},"DataVersion":3465}