{"stats":{"minecraft:dropped":{"minecraft:wheat_seeds":1},"minecraft:crafted":{"minecraft:smooth_stone":3,"minecraft:stick":12,"minecraft:iron_ingot":3,"minecraft:iron_pickaxe":1,"minecraft:stone_pickaxe":1,"minecraft:iron_sword":1,"minecraft:blast_furnace":1,"minecraft:stone":3,"minecraft:torch":24,"minecraft:air":0},"minecraft:used":{"minecraft:bread":2,"minecraft:stone_pickaxe":37,"minecraft:iron_pickaxe":40,"create:crimsite":1,"minecraft:iron_sword":6,"minecraft:torch":25,"minecraft:glow_berries":7,"minecraft:dirt":3,"minecraft:cobblestone":1,"minecraft:crafting_table":2,"minecraft:oak_sapling":1,"minecraft:blast_furnace":1},"minecraft:mined":{"create:deepslate_zinc_ore":13,"minecraft:tuff":2,"minecraft:furnace":1,"minecraft:dark_oak_leaves":1,"minecraft:deepslate_diamond_ore":7,"minecraft:crafting_table":2,"minecraft:grass":4,"minecraft:blast_furnace":1,"minecraft:grass_block":3,"minecraft:coal_ore":15,"minecraft:cave_vines":1,"minecraft:deepslate_iron_ore":8,"minecraft:dirt":1,"minecraft:cobweb":6,"minecraft:tall_grass":2,"minecraft:stone":5,"create:crimsite":1,"minecraft:moss_block":2,"minecraft:oak_leaves":3,"minecraft:deepslate":12,"minecraft:spawner":1},"minecraft:custom":{"minecraft:time_since_rest":24615,"minecraft:interact_with_furnace":24,"minecraft:sprint_one_cm":77520,"minecraft:damage_taken":295,"minecraft:walk_one_cm":85920,"minecraft:drop":1,"minecraft:damage_dealt":208,"minecraft:swim_one_cm":12672,"minecraft:interact_with_crafting_table":7,"minecraft:fly_one_cm":55778,"minecraft:crouch_one_cm":3992,"minecraft:play_time":34459,"minecraft:deaths":1,"minecraft:sneak_time":1666,"minecraft:walk_under_water_one_cm":1912,"minecraft:jump":497,"minecraft:interact_with_blast_furnace":7,"minecraft:leave_game":1,"minecraft:time_since_death":24384,"minecraft:walk_on_water_one_cm":9622,"minecraft:total_world_time":34459,"minecraft:climb_one_cm":681,"minecraft:fall_one_cm":12063},"minecraft:picked_up":{"minecraft:raw_iron":8,"minecraft:stick":2,"minecraft:crafting_table":3,"minecraft:oak_fence":1,"minecraft:torch":4,"minecraft:tuff":2,"create:raw_zinc":12,"minecraft:blast_furnace":1,"minecraft:string":6,"minecraft:dirt":3,"minecraft:moss_carpet":1,"minecraft:pumpkin_seeds":3,"create:crimsite":1,"minecraft:diamond":12,"minecraft:detector_rail":1,"minecraft:wheat_seeds":1,"minecraft:cobbled_deepslate":9,"minecraft:iron_ingot":8,"minecraft:oak_planks":6,"minecraft:oak_sapling":1,"minecraft:moss_block":1,"minecraft:glow_berries":7,"minecraft:coal":28,"minecraft:cobblestone":6,"minecraft:furnace":1}},"DataVersion":3465}