{"stats":{"minecraft:killed":{"minecraft:spider":2,"minecraft:hoglin":1,"minecraft:sheep":7,"minecraft:zombie":2,"minecraft:wither_skeleton":2,"minecraft:cow":4,"minecraft:blaze":9},"minecraft:dropped":{"minecraft:water_bucket":1,"minecraft:iron_ingot":6,"minecraft:bread":1,"minecraft:iron_sword":1,"minecraft:moss_block":1,"minecraft:wheat_seeds":7,"minecraft:lapis_lazuli":8,"minecraft:cooked_beef":12,"minecraft:oak_fence":1,"minecraft:diorite":5,"minecraft:crimson_roots":3,"minecraft:iron_axe":2,"minecraft:iron_pickaxe":1,"minecraft:string":4,"minecraft:bucket":1,"minecraft:smooth_basalt":2,"minecraft:moss_carpet":1,"minecraft:oak_trapdoor":1,"minecraft:detector_rail":1,"minecraft:blaze_rod":2,"minecraft:tuff":2,"minecraft:oak_planks":36,"minecraft:cobbled_deepslate_slab":1,"minecraft:pumpkin_seeds":4,"create:zinc_ingot":58,"minecraft:diamond_pickaxe":3,"minecraft:andesite":242,"minecraft:spider_eye":1},"minecraft:crafted":{"minecraft:grindstone":1,"minecraft:smooth_stone":3,"minecraft:oak_planks":88,"minecraft:raw_iron":18,"minecraft:furnace":1,"minecraft:blast_furnace":1,"minecraft:stone":6,"minecraft:bone_meal":6,"minecraft:diamond_shovel":1,"minecraft:cooked_mutton":3,"minecraft:oak_trapdoor":2,"create:vertical_gearbox":1,"minecraft:iron_boots":1,"create:mechanical_press":1,"minecraft:iron_axe":1,"minecraft:stone_pickaxe":1,"minecraft:chest":4,"minecraft:oak_button":2,"create:cogwheel":6,"minecraft:smoker":1,"minecraft:cooked_beef":8,"create:depot":1,"create:andesite_alloy":18,"create:hand_crank":1,"minecraft:diamond_axe":1,"minecraft:cauldron":1,"minecraft:crafting_table":2,"minecraft:enchanting_table":1,"minecraft:iron_helmet":1,"minecraft:iron_sword":1,"minecraft:air":0,"create:gearbox":1,"minecraft:oak_boat":1,"minecraft:book":1,"minecraft:iron_chestplate":1,"minecraft:paper":3,"minecraft:diamond_pickaxe":2,"minecraft:stick":24,"minecraft:stone_slab":6,"minecraft:iron_ingot":53,"minecraft:iron_pickaxe":1,"minecraft:iron_block":1,"minecraft:gold_ingot":6,"minecraft:iron_leggings":1,"create:shaft":16,"minecraft:torch":24,"create:zinc_ingot":58},"minecraft:used":{"minecraft:oak_trapdoor":3,"minecraft:nether_brick_fence":2,"minecraft:enchanting_table":1,"minecraft:chest":4,"minecraft:shield":26,"minecraft:iron_sword":114,"minecraft:orange_bed":4,"minecraft:torch":36,"minecraft:dirt":58,"minecraft:nether_bricks":4,"create:depot":3,"minecraft:tuff":1,"minecraft:obsidian":12,"minecraft:lava_bucket":9,"minecraft:bookshelf":10,"minecraft:iron_axe":32,"create:shaft":1,"minecraft:furnace":1,"minecraft:oak_sapling":2,"minecraft:cooked_beef":4,"minecraft:cobbled_deepslate":35,"minecraft:water_bucket":12,"minecraft:stone_pickaxe":37,"create:crimsite":1,"minecraft:cauldron":1,"minecraft:diamond_axe":12,"minecraft:sugar_cane":38,"minecraft:glow_berries":7,"minecraft:crafting_table":7,"minecraft:blast_furnace":3,"minecraft:smoker":2,"minecraft:oak_log":4,"minecraft:diamond_pickaxe":1242,"minecraft:diamond_shovel":1053,"create:mechanical_press":3,"minecraft:bread":28,"minecraft:oak_button":5,"minecraft:iron_pickaxe":90,"minecraft:detector_rail":1,"create:asurine":1,"minecraft:gravel":2,"create:large_water_wheel":1,"minecraft:cobblestone":46,"minecraft:grindstone":1,"minecraft:bucket":21,"create:hand_crank":3,"create:vertical_gearbox":1,"minecraft:oak_boat":6,"minecraft:bone_meal":4},"minecraft:custom":{"minecraft:mob_kills":27,"minecraft:interact_with_crafting_table":56,"minecraft:fill_cauldron":1,"minecraft:leave_game":1,"minecraft:time_since_death":210384,"minecraft:climb_one_cm":681,"minecraft:sprint_one_cm":340438,"minecraft:walk_one_cm":410324,"minecraft:damage_blocked_by_shield":2100,"minecraft:drop":46,"minecraft:play_time":220459,"minecraft:deaths":1,"minecraft:sneak_time":11256,"minecraft:walk_under_water_one_cm":5181,"minecraft:boat_one_cm":49132,"minecraft:jump":2384,"minecraft:interact_with_blast_furnace":49,"minecraft:walk_on_water_one_cm":21200,"minecraft:enchant_item":7,"minecraft:total_world_time":220459,"minecraft:interact_with_furnace":28,"minecraft:interact_with_grindstone":2,"minecraft:sleep_in_bed":12,"minecraft:time_since_rest":10416,"minecraft:damage_taken":1303,"minecraft:damage_dealt":5034,"minecraft:swim_one_cm":28292,"minecraft:fly_one_cm":382448,"minecraft:open_chest":45,"minecraft:crouch_one_cm":52845,"minecraft:interact_with_smoker":6,"minecraft:fall_one_cm":51540},"minecraft:mined":{"create:zinc_ore":15,"create:deepslate_zinc_ore":22,"minecraft:tuff":5,"minecraft:dark_oak_leaves":1,"minecraft:deepslate_diamond_ore":8,"create:andesite_casing":4,"minecraft:obsidian":9,"minecraft:nether_bricks":5,"minecraft:grass_block":462,"minecraft:crimson_roots":2,"create:depot":2,"minecraft:redstone_wire":1,"minecraft:moss_block":2,"minecraft:spawner":1,"minecraft:raw_iron_block":1,"minecraft:oak_trapdoor":2,"minecraft:furnace":2,"minecraft:iron_ore":2,"minecraft:cobbled_deepslate":2,"minecraft:fire":4,"minecraft:andesite":240,"minecraft:nether_brick_fence":2,"create:asurine":1,"minecraft:cave_vines":1,"minecraft:deepslate_iron_ore":24,"minecraft:dirt_path":1,"minecraft:stone":830,"create:mechanical_press":2,"minecraft:orange_bed":2,"minecraft:deepslate_redstone_ore":5,"minecraft:smoker":1,"minecraft:crimson_nylium":3,"minecraft:amethyst_cluster":1,"minecraft:crafting_table":5,"minecraft:blast_furnace":2,"minecraft:calcite":2,"minecraft:copper_ore":3,"minecraft:tall_grass":7,"minecraft:cobblestone":6,"minecraft:deepslate_gold_ore":4,"minecraft:sugar_cane":24,"minecraft:oak_planks":2,"minecraft:diorite":5,"minecraft:wall_torch":2,"minecraft:amethyst_block":3,"minecraft:grass":11,"minecraft:coal_ore":61,"minecraft:oak_log":34,"create:hand_crank":2,"minecraft:gravel":174,"minecraft:dirt":415,"minecraft:cobweb":8,"minecraft:smooth_basalt":1,"minecraft:netherrack":11,"create:crimsite":1,"minecraft:oak_leaves":19,"minecraft:deepslate":64},"minecraft:picked_up":{"minecraft:crafting_table":6,"minecraft:nether_brick_fence":2,"minecraft:shield":1,"minecraft:amethyst_block":3,"minecraft:string":9,"minecraft:oak_trapdoor":2,"minecraft:moss_carpet":1,"minecraft:raw_copper":10,"minecraft:iron_axe":1,"create:mechanical_press":2,"minecraft:detector_rail":2,"minecraft:cobbled_deepslate":64,"minecraft:bucket":1,"minecraft:beef":8,"minecraft:oak_boat":5,"minecraft:calcite":5,"minecraft:iron_pickaxe":1,"minecraft:sugar_cane":36,"minecraft:furnace":2,"minecraft:stick":2,"minecraft:raw_iron":53,"minecraft:oak_fence":1,"minecraft:torch":6,"create:andesite_casing":4,"minecraft:porkchop":4,"create:hand_crank":2,"minecraft:diorite":5,"minecraft:redstone":31,"minecraft:orange_bed":3,"minecraft:rotten_flesh":1,"minecraft:nether_bricks":4,"create:asurine":1,"create:depot":2,"minecraft:blaze_rod":15,"minecraft:mutton":11,"minecraft:glow_berries":7,"minecraft:obsidian":20,"minecraft:white_wool":5,"minecraft:cobblestone":834,"minecraft:cooked_beef":8,"minecraft:water_bucket":1,"minecraft:andesite":242,"minecraft:brown_wool":2,"minecraft:leather":2,"minecraft:smoker":1,"create:andesite_alloy":1,"minecraft:flint":14,"minecraft:tuff":5,"create:raw_zinc":59,"minecraft:oak_log":34,"minecraft:gunpowder":3,"minecraft:lapis_lazuli":6,"minecraft:dirt":824,"minecraft:cooked_mutton":3,"minecraft:bone":2,"minecraft:wheat_seeds":9,"minecraft:raw_gold":12,"minecraft:cobbled_deepslate_slab":1,"minecraft:iron_ingot":18,"minecraft:moss_block":1,"minecraft:iron_sword":1,"minecraft:oak_planks":27,"minecraft:smooth_basalt":2,"create:large_water_wheel":1,"minecraft:gravel":157,"minecraft:raw_iron_block":2,"minecraft:lava_bucket":1,"minecraft:amethyst_shard":4,"minecraft:blast_furnace":2,"minecraft:spider_eye":3,"minecraft:pumpkin_seeds":3,"create:crimsite":1,"minecraft:diamond":14,"minecraft:oak_button":5,"minecraft:bread":1,"minecraft:oak_sapling":2,"minecraft:netherrack":6,"minecraft:coal":71,"minecraft:crimson_roots":3,"minecraft:diamond_pickaxe":2}},"DataVersion":3465}