{"stats":{"minecraft:killed_by":{"minecraft:wither_skeleton":4},"minecraft:killed":{"minecraft:cave_spider":2,"minecraft:spider":3,"minecraft:skeleton":8,"minecraft:creeper":2,"minecraft:zombie":6,"minecraft:wither_skeleton":1,"minecraft:blaze":13},"minecraft:dropped":{"minecraft:water_bucket":1,"minecraft:iron_ingot":17,"minecraft:bread":13,"minecraft:moss_block":4,"minecraft:wheat_seeds":4,"minecraft:diamond":6,"minecraft:crafting_table":1,"minecraft:cobblestone":11,"minecraft:glow_berries":7,"minecraft:chest_minecart":1,"minecraft:granite":1,"create:crimsite":3,"minecraft:activator_rail":4,"minecraft:tropical_fish":1,"minecraft:stick":2,"minecraft:lava_bucket":1,"minecraft:dirt":3,"minecraft:diorite":3,"minecraft:iron_axe":1,"minecraft:raw_iron_block":1,"create:raw_zinc":23,"minecraft:smooth_basalt":2,"minecraft:bone":5,"minecraft:moss_carpet":2,"minecraft:detector_rail":3,"minecraft:stone_sword":2,"minecraft:blaze_rod":20,"minecraft:cobbled_deepslate":2,"minecraft:tuff":21,"minecraft:obsidian":9,"minecraft:raw_iron":31,"minecraft:rotten_flesh":5,"minecraft:oak_planks":21,"minecraft:shield":2,"minecraft:andesite":3,"minecraft:azalea":1,"minecraft:arrow":4,"minecraft:wooden_pickaxe":1,"minecraft:stone_pickaxe":1,"minecraft:raw_gold":8},"minecraft:crafted":{"minecraft:cobbled_deepslate_slab":6,"minecraft:smooth_stone":3,"minecraft:oak_planks":32,"minecraft:furnace":2,"minecraft:blast_furnace":1,"minecraft:stone":3,"minecraft:iron_boots":1,"minecraft:iron_axe":1,"minecraft:stone_pickaxe":1,"minecraft:crafting_table":1,"minecraft:wooden_pickaxe":1,"minecraft:iron_helmet":1,"minecraft:iron_sword":1,"minecraft:bucket":1,"minecraft:air":0,"minecraft:iron_chestplate":1,"minecraft:shield":2,"minecraft:stick":12,"minecraft:iron_ingot":50,"minecraft:iron_pickaxe":1,"minecraft:stone_sword":1,"minecraft:iron_leggings":1},"minecraft:used":{"minecraft:oak_trapdoor":1,"minecraft:stone_sword":24,"minecraft:redstone":9,"minecraft:shield":25,"minecraft:iron_sword":151,"minecraft:torch":2,"minecraft:dirt":5,"minecraft:iron_axe":21,"minecraft:furnace":2,"minecraft:cobbled_deepslate":47,"minecraft:water_bucket":17,"minecraft:diorite":1,"minecraft:stone_pickaxe":75,"minecraft:wooden_pickaxe":15,"create:blaze_burner":1,"minecraft:crafting_table":5,"minecraft:blast_furnace":3,"minecraft:diamond_pickaxe":25,"minecraft:bread":40,"minecraft:iron_pickaxe":156,"create:water_wheel":1,"create:large_water_wheel":1,"minecraft:cobblestone":9,"minecraft:cobbled_deepslate_slab":5,"minecraft:andesite":1,"minecraft:bucket":20},"minecraft:custom":{"minecraft:mob_kills":36,"minecraft:interact_with_crafting_table":21,"minecraft:leave_game":3,"minecraft:time_since_death":10735,"minecraft:climb_one_cm":95,"minecraft:sprint_one_cm":231710,"minecraft:walk_one_cm":186043,"minecraft:damage_blocked_by_shield":1335,"minecraft:drop":88,"minecraft:play_time":77524,"minecraft:deaths":4,"minecraft:sneak_time":3411,"minecraft:walk_under_water_one_cm":5950,"minecraft:jump":955,"minecraft:interact_with_blast_furnace":18,"minecraft:walk_on_water_one_cm":12127,"minecraft:total_world_time":77524,"minecraft:interact_with_furnace":20,"minecraft:time_since_rest":10761,"minecraft:damage_taken":2890,"minecraft:damage_dealt":6397,"minecraft:swim_one_cm":2996,"minecraft:fly_one_cm":135147,"minecraft:open_chest":15,"minecraft:crouch_one_cm":8374,"minecraft:fall_one_cm":18331},"minecraft:mined":{"create:deepslate_zinc_ore":23,"minecraft:tuff":22,"minecraft:deepslate_diamond_ore":6,"minecraft:obsidian":11,"minecraft:cave_vines_plant":2,"minecraft:granite":1,"minecraft:cobbled_deepslate_slab":2,"minecraft:grass_block":1,"minecraft:moss_block":3,"minecraft:raw_iron_block":1,"minecraft:furnace":1,"minecraft:iron_ore":17,"minecraft:cobbled_deepslate":3,"minecraft:fire":2,"minecraft:andesite":4,"minecraft:cave_vines":3,"minecraft:deepslate_iron_ore":45,"minecraft:rail":1,"minecraft:azalea":1,"minecraft:stone":40,"minecraft:deepslate_redstone_ore":2,"minecraft:flowering_azalea":1,"minecraft:amethyst_cluster":3,"minecraft:oak_fence":4,"minecraft:crafting_table":5,"minecraft:blast_furnace":2,"minecraft:calcite":3,"minecraft:tall_grass":17,"minecraft:cobblestone":2,"minecraft:deepslate_gold_ore":8,"minecraft:oak_planks":12,"minecraft:diorite":2,"minecraft:wall_torch":1,"minecraft:amethyst_block":6,"minecraft:grass":12,"minecraft:oak_log":8,"minecraft:coal_ore":5,"minecraft:dirt":3,"minecraft:cobweb":39,"minecraft:smooth_basalt":1,"minecraft:small_dripleaf":1,"create:crimsite":3,"minecraft:deepslate":46},"minecraft:picked_up":{"minecraft:crafting_table":5,"minecraft:iron_chestplate":1,"minecraft:chest_minecart":1,"minecraft:shield":3,"minecraft:amethyst_block":12,"minecraft:string":270,"minecraft:oak_trapdoor":1,"minecraft:moss_carpet":2,"minecraft:iron_axe":3,"minecraft:iron_leggings":1,"minecraft:activator_rail":4,"minecraft:cobbled_deepslate":58,"minecraft:detector_rail":3,"minecraft:bucket":1,"minecraft:azalea":1,"minecraft:iron_pickaxe":1,"minecraft:iron_boots":1,"minecraft:furnace":1,"minecraft:raw_iron":82,"minecraft:oak_fence":8,"minecraft:torch":2,"minecraft:diorite":2,"minecraft:redstone":18,"create:zinc_ingot":58,"minecraft:stone_sword":1,"minecraft:arrow":19,"minecraft:rotten_flesh":5,"minecraft:tropical_fish":1,"minecraft:beetroot_seeds":2,"minecraft:blaze_rod":27,"minecraft:glow_berries":13,"minecraft:obsidian":12,"minecraft:rail":12,"minecraft:cobblestone":42,"minecraft:andesite":4,"minecraft:oak_log":8,"minecraft:tuff":24,"create:raw_zinc":46,"minecraft:dirt":5,"minecraft:name_tag":2,"minecraft:bone":15,"minecraft:bow":2,"minecraft:wheat_seeds":4,"minecraft:raw_gold":24,"minecraft:cobbled_deepslate_slab":5,"minecraft:iron_ingot":6,"minecraft:moss_block":4,"minecraft:flowering_azalea":2,"minecraft:iron_sword":1,"minecraft:oak_planks":50,"minecraft:smooth_basalt":2,"minecraft:raw_iron_block":1,"minecraft:amethyst_shard":36,"minecraft:blast_furnace":3,"minecraft:pumpkin_seeds":8,"create:crimsite":3,"minecraft:diamond":6,"minecraft:iron_helmet":2,"minecraft:granite":1,"minecraft:golden_apple":1,"minecraft:bread":20,"minecraft:netherrack":12,"minecraft:coal":49,"minecraft:crimson_roots":6,"minecraft:diamond_pickaxe":2}},"DataVersion":3465}