{"stats":{"minecraft:dropped":{"minecraft:stone_sword":1},"minecraft:killed":{"minecraft:skeleton":3},"minecraft:crafted":{"minecraft:oak_planks":32,"minecraft:crafting_table":1,"minecraft:stick":8,"minecraft:wooden_pickaxe":1,"minecraft:stone_pickaxe":1,"minecraft:stone_sword":1},"minecraft:used":{"minecraft:diorite":1,"minecraft:stone_sword":10,"minecraft:bread":3,"minecraft:stone_pickaxe":46,"create:water_wheel":1,"minecraft:wooden_pickaxe":15,"create:large_water_wheel":1,"create:blaze_burner":1,"minecraft:dirt":5,"minecraft:cobblestone":3,"minecraft:crafting_table":3,"minecraft:andesite":1},"minecraft:mined":{"minecraft:flowering_azalea":1,"minecraft:iron_ore":14,"minecraft:andesite":4,"minecraft:crafting_table":3,"minecraft:cave_vines_plant":2,"minecraft:granite":1,"minecraft:grass":3,"minecraft:grass_block":1,"minecraft:oak_log":8,"minecraft:cave_vines":1,"minecraft:dirt":3,"minecraft:azalea":1,"minecraft:stone":35,"minecraft:diorite":1},"minecraft:custom":{"minecraft:time_since_rest":14514,"minecraft:sprint_one_cm":17666,"minecraft:damage_taken":190,"minecraft:walk_one_cm":18246,"minecraft:mob_kills":3,"minecraft:drop":1,"minecraft:damage_dealt":320,"minecraft:interact_with_crafting_table":3,"minecraft:fly_one_cm":20795,"minecraft:crouch_one_cm":534,"minecraft:play_time":14514,"minecraft:sneak_time":587,"minecraft:walk_under_water_one_cm":923,"minecraft:jump":121,"minecraft:leave_game":1,"minecraft:time_since_death":14514,"minecraft:walk_on_water_one_cm":398,"minecraft:total_world_time":14514,"minecraft:fall_one_cm":3238},"minecraft:picked_up":{"minecraft:raw_iron":14,"minecraft:crafting_table":3,"minecraft:andesite":4,"minecraft:oak_log":8,"minecraft:diorite":1,"minecraft:dirt":5,"minecraft:stone_sword":1,"minecraft:bone":2,"minecraft:arrow":2,"minecraft:wheat_seeds":1,"minecraft:granite":1,"minecraft:azalea":1,"minecraft:glow_berries":7,"minecraft:flowering_azalea":1,"minecraft:cobblestone":35}},"DataVersion":3465}