{"stats":{"minecraft:picked_up":{"minecraft:crafting_table":1,"minecraft:oak_log":8,"minecraft:dirt":1},"minecraft:custom":{"minecraft:time_since_rest":9103,"minecraft:play_time":9103,"minecraft:sprint_one_cm":8469,"minecraft:damage_taken":40,"minecraft:walk_one_cm":5807,"minecraft:sneak_time":11,"minecraft:walk_under_water_one_cm":155,"minecraft:jump":52,"minecraft:leave_game":1,"minecraft:time_since_death":9103,"minecraft:walk_on_water_one_cm":398,"minecraft:total_world_time":9103,"minecraft:interact_with_crafting_table":1,"minecraft:fall_one_cm":1103,"minecraft:fly_one_cm":12485},"minecraft:mined":{"minecraft:oak_log":8,"minecraft:crafting_table":1},"minecraft:used":{"create:blaze_burner":1,"minecraft:crafting_table":1,"create:water_wheel":1,"create:large_water_wheel":1},"minecraft:crafted":{"minecraft:oak_planks":32,"minecraft:crafting_table":1,"minecraft:stick":4,"minecraft:wooden_pickaxe":1}},"DataVersion":3465}