{"stats":{"minecraft:killed":{"minecraft:cave_spider":2,"minecraft:spider":1,"minecraft:skeleton":5,"minecraft:zombie":5},"minecraft:dropped":{"minecraft:iron_ingot":8,"minecraft:bread":13,"minecraft:moss_carpet":1,"minecraft:moss_block":2,"minecraft:wheat_seeds":2,"minecraft:stone_sword":2,"minecraft:cobbled_deepslate":2,"minecraft:diamond":5,"minecraft:crafting_table":1,"minecraft:tuff":1,"minecraft:raw_iron":3,"minecraft:cobblestone":3,"minecraft:glow_berries":7,"minecraft:oak_planks":2,"minecraft:granite":1,"create:crimsite":1,"minecraft:stick":2,"minecraft:dirt":3,"minecraft:andesite":3,"minecraft:azalea":1,"minecraft:arrow":4,"minecraft:wooden_pickaxe":1,"minecraft:stone_pickaxe":1},"minecraft:crafted":{"minecraft:oak_planks":32,"minecraft:smooth_stone":3,"minecraft:crafting_table":1,"minecraft:wooden_pickaxe":1,"minecraft:iron_sword":1,"minecraft:furnace":2,"minecraft:blast_furnace":1,"minecraft:stone":3,"minecraft:bucket":1,"minecraft:air":0,"minecraft:iron_chestplate":1,"minecraft:iron_axe":1,"minecraft:stick":12,"minecraft:iron_ingot":32,"minecraft:iron_pickaxe":1,"minecraft:stone_pickaxe":1,"minecraft:stone_sword":1},"minecraft:used":{"minecraft:water_bucket":15,"minecraft:diorite":1,"minecraft:stone_sword":24,"minecraft:stone_pickaxe":75,"minecraft:wooden_pickaxe":15,"minecraft:iron_sword":68,"create:blaze_burner":1,"minecraft:torch":1,"minecraft:dirt":5,"minecraft:crafting_table":4,"minecraft:blast_furnace":1,"minecraft:iron_axe":17,"minecraft:bread":16,"minecraft:iron_pickaxe":63,"create:water_wheel":1,"create:large_water_wheel":1,"minecraft:cobblestone":9,"minecraft:furnace":2,"minecraft:bucket":16,"minecraft:andesite":1,"minecraft:cobbled_deepslate":12},"minecraft:mined":{"create:deepslate_zinc_ore":23,"minecraft:tuff":5,"minecraft:flowering_azalea":1,"minecraft:deepslate_diamond_ore":5,"minecraft:oak_fence":4,"minecraft:crafting_table":4,"minecraft:cave_vines_plant":2,"minecraft:granite":1,"minecraft:blast_furnace":1,"minecraft:grass_block":1,"minecraft:tall_grass":1,"minecraft:oak_planks":12,"minecraft:moss_block":3,"minecraft:diorite":2,"minecraft:wall_torch":1,"minecraft:furnace":1,"minecraft:iron_ore":17,"minecraft:andesite":4,"minecraft:grass":4,"minecraft:rail":1,"minecraft:oak_log":8,"minecraft:coal_ore":5,"minecraft:cave_vines":3,"minecraft:deepslate_iron_ore":17,"minecraft:dirt":3,"minecraft:cobweb":36,"minecraft:azalea":1,"minecraft:stone":40,"minecraft:small_dripleaf":1,"create:crimsite":3,"minecraft:deepslate":17},"minecraft:custom":{"minecraft:interact_with_furnace":18,"minecraft:mob_kills":14,"minecraft:interact_with_crafting_table":13,"minecraft:leave_game":1,"minecraft:time_since_death":38514,"minecraft:climb_one_cm":95,"minecraft:time_since_rest":38514,"minecraft:sprint_one_cm":105808,"minecraft:damage_taken":865,"minecraft:walk_one_cm":93638,"minecraft:drop":48,"minecraft:damage_dealt":2341,"minecraft:fly_one_cm":54744,"minecraft:crouch_one_cm":2840,"minecraft:sneak_time":1761,"minecraft:play_time":38514,"minecraft:walk_under_water_one_cm":4335,"minecraft:jump":514,"minecraft:interact_with_blast_furnace":11,"minecraft:walk_on_water_one_cm":10528,"minecraft:total_world_time":38514,"minecraft:fall_one_cm":10827},"minecraft:picked_up":{"minecraft:crafting_table":4,"minecraft:chest_minecart":1,"minecraft:andesite":4,"minecraft:tuff":4,"create:raw_zinc":23,"minecraft:oak_log":8,"minecraft:string":87,"minecraft:dirt":5,"minecraft:moss_carpet":1,"minecraft:bone":5,"minecraft:activator_rail":4,"minecraft:detector_rail":3,"minecraft:wheat_seeds":2,"minecraft:cobbled_deepslate":26,"minecraft:azalea":1,"minecraft:moss_block":3,"minecraft:oak_planks":14,"minecraft:flowering_azalea":1,"minecraft:furnace":1,"minecraft:raw_iron":37,"minecraft:oak_fence":3,"minecraft:torch":1,"minecraft:blast_furnace":1,"minecraft:diorite":2,"minecraft:stone_sword":1,"minecraft:arrow":6,"create:crimsite":3,"minecraft:rotten_flesh":5,"minecraft:diamond":5,"minecraft:tropical_fish":1,"minecraft:beetroot_seeds":2,"minecraft:granite":1,"minecraft:bread":13,"minecraft:glow_berries":10,"minecraft:coal":17,"minecraft:rail":4,"minecraft:cobblestone":40}},"DataVersion":3465}