{"stats":{"minecraft:killed_by":{"minecraft:wither_skeleton":5},"minecraft:killed":{"minecraft:cave_spider":2,"minecraft:spider":8,"minecraft:skeleton":10,"minecraft:pig":1,"minecraft:wandering_trader":1,"minecraft:creeper":2,"minecraft:sheep":4,"minecraft:trader_llama":1,"minecraft:zombie":7,"minecraft:wither_skeleton":3,"minecraft:blaze":13},"minecraft:dropped":{"create:mechanical_mixer":1,"minecraft:water_bucket":2,"minecraft:iron_ingot":17,"minecraft:bread":13,"minecraft:moss_block":4,"minecraft:wheat_seeds":5,"minecraft:lapis_lazuli":6,"minecraft:diamond":6,"minecraft:crafting_table":1,"minecraft:cobblestone":11,"minecraft:glow_berries":7,"minecraft:chest_minecart":1,"minecraft:granite":1,"create:crimsite":3,"minecraft:activator_rail":4,"minecraft:tropical_fish":1,"minecraft:stick":2,"minecraft:lava_bucket":1,"minecraft:dirt":3,"minecraft:diorite":3,"minecraft:iron_axe":1,"minecraft:raw_iron_block":1,"minecraft:dandelion":4,"create:raw_zinc":23,"minecraft:gold_ingot":1,"minecraft:smooth_basalt":2,"minecraft:bone":5,"minecraft:moss_carpet":2,"minecraft:detector_rail":3,"minecraft:stone_sword":3,"minecraft:blaze_rod":20,"minecraft:cobbled_deepslate":2,"minecraft:tuff":21,"minecraft:wheat":11,"minecraft:obsidian":9,"minecraft:raw_iron":31,"minecraft:rotten_flesh":5,"minecraft:oak_planks":21,"minecraft:cooked_mutton":8,"minecraft:poppy":7,"minecraft:shield":2,"minecraft:diamond_pickaxe":2,"minecraft:andesite":243,"minecraft:azalea":1,"create:wheat_flour":1,"minecraft:arrow":4,"minecraft:wooden_pickaxe":1,"minecraft:stone_pickaxe":1,"minecraft:raw_gold":8,"create:andesite_alloy":29},"minecraft:crafted":{"minecraft:cobbled_deepslate_slab":6,"minecraft:smooth_stone":3,"minecraft:oak_planks":144,"minecraft:furnace":3,"minecraft:blast_furnace":1,"minecraft:stone":3,"minecraft:cooked_mutton":18,"minecraft:iron_boots":1,"minecraft:iron_axe":1,"create:millstone":1,"minecraft:stone_pickaxe":1,"minecraft:chest":2,"minecraft:stone_hoe":1,"create:cogwheel":1,"create:andesite_alloy":31,"minecraft:crafting_table":1,"minecraft:wooden_pickaxe":1,"minecraft:iron_helmet":1,"minecraft:iron_sword":1,"create:large_water_wheel":6,"create:zinc_nugget":126,"minecraft:bucket":1,"minecraft:air":0,"minecraft:iron_chestplate":1,"create:water_wheel":6,"minecraft:shield":2,"minecraft:stick":16,"minecraft:iron_ingot":50,"minecraft:iron_pickaxe":1,"minecraft:stone_sword":1,"minecraft:iron_shovel":1,"minecraft:iron_leggings":1,"create:shaft":8},"minecraft:used":{"minecraft:oak_trapdoor":1,"minecraft:stone_sword":24,"minecraft:iron_shovel":68,"minecraft:redstone":9,"minecraft:poppy":1,"minecraft:chest":2,"minecraft:shield":26,"minecraft:iron_sword":213,"minecraft:stone_hoe":10,"minecraft:rotten_flesh":1,"minecraft:torch":2,"minecraft:dirt":18,"minecraft:mutton":1,"create:mechanical_mixer":1,"create:cogwheel":3,"minecraft:iron_axe":80,"create:millstone":1,"create:shaft":2,"minecraft:furnace":3,"minecraft:cooked_beef":2,"minecraft:cobbled_deepslate":47,"minecraft:wheat_seeds":10,"minecraft:cooked_mutton":11,"minecraft:water_bucket":46,"minecraft:diorite":1,"minecraft:stone_pickaxe":75,"minecraft:oak_planks":7,"minecraft:wooden_pickaxe":15,"create:blaze_burner":1,"minecraft:glow_berries":3,"minecraft:crafting_table":5,"minecraft:blast_furnace":3,"minecraft:diamond_pickaxe":489,"minecraft:apple":2,"minecraft:diamond_shovel":290,"minecraft:bread":40,"minecraft:iron_pickaxe":156,"create:water_wheel":1,"create:large_water_wheel":10,"minecraft:cobblestone":79,"minecraft:cobbled_deepslate_slab":5,"minecraft:andesite":1,"minecraft:bucket":49,"create:hand_crank":2,"create:vertical_gearbox":1,"minecraft:bone_meal":42},"minecraft:custom":{"minecraft:mob_kills":53,"minecraft:interact_with_crafting_table":41,"minecraft:leave_game":4,"minecraft:time_since_death":54407,"minecraft:climb_one_cm":95,"minecraft:sprint_one_cm":432043,"minecraft:walk_one_cm":373994,"minecraft:damage_blocked_by_shield":1635,"minecraft:drop":131,"minecraft:talked_to_villager":1,"minecraft:play_time":160051,"minecraft:deaths":5,"minecraft:sneak_time":9542,"minecraft:walk_under_water_one_cm":57883,"minecraft:boat_one_cm":26393,"minecraft:jump":2138,"minecraft:interact_with_blast_furnace":22,"minecraft:walk_on_water_one_cm":23363,"minecraft:enchant_item":1,"minecraft:total_world_time":160051,"minecraft:interact_with_furnace":21,"minecraft:interact_with_grindstone":1,"minecraft:sleep_in_bed":3,"minecraft:time_since_rest":11803,"minecraft:damage_taken":3883,"minecraft:damage_dealt":9303,"minecraft:swim_one_cm":41608,"minecraft:fly_one_cm":539075,"minecraft:open_chest":89,"minecraft:crouch_one_cm":32714,"minecraft:interact_with_smoker":5,"minecraft:fall_one_cm":49625},"minecraft:mined":{"minecraft:nether_gold_ore":4,"minecraft:oak_sapling":3,"create:deepslate_zinc_ore":23,"minecraft:tuff":22,"minecraft:farmland":1,"minecraft:deepslate_diamond_ore":6,"minecraft:nether_bricks":24,"minecraft:obsidian":11,"minecraft:cave_vines_plant":2,"minecraft:cobbled_deepslate_slab":2,"minecraft:granite":1,"minecraft:grass_block":262,"minecraft:soul_soil":2,"minecraft:moss_block":3,"minecraft:oxeye_daisy":6,"minecraft:rooted_dirt":26,"minecraft:raw_iron_block":1,"create:shaft":1,"minecraft:glowstone":1,"minecraft:furnace":1,"minecraft:iron_ore":17,"minecraft:cobbled_deepslate":3,"minecraft:fire":2,"minecraft:andesite":246,"minecraft:azure_bluet":1,"minecraft:nether_brick_fence":2,"create:asurine":3,"minecraft:bookshelf":4,"minecraft:cave_vines":3,"minecraft:deepslate_iron_ore":45,"minecraft:rail":1,"minecraft:azalea":1,"create:mechanical_press":1,"minecraft:stone":60,"minecraft:bone_block":23,"minecraft:podzol":1,"minecraft:deepslate_redstone_ore":2,"create:cogwheel":2,"minecraft:flowering_azalea":1,"minecraft:soul_sand":5,"minecraft:lily_of_the_valley":8,"minecraft:smoker":1,"minecraft:amethyst_cluster":3,"minecraft:dandelion":26,"minecraft:cornflower":1,"minecraft:oak_fence":4,"minecraft:crafting_table":5,"minecraft:blast_furnace":2,"minecraft:calcite":3,"minecraft:poppy":9,"minecraft:lectern":1,"minecraft:nether_quartz_ore":2,"minecraft:tall_grass":111,"minecraft:cobblestone":10,"minecraft:deepslate_gold_ore":8,"minecraft:oak_planks":13,"minecraft:diorite":2,"minecraft:wall_torch":1,"minecraft:amethyst_block":6,"create:water_wheel_structure":2,"create:gearbox":1,"minecraft:wheat":12,"create:mechanical_mixer":1,"minecraft:grass":304,"minecraft:oak_log":41,"minecraft:coal_ore":18,"create:hand_crank":1,"minecraft:sand":4,"minecraft:dirt":74,"minecraft:cobweb":39,"minecraft:smooth_basalt":1,"minecraft:small_dripleaf":1,"minecraft:netherrack":101,"create:crimsite":3,"minecraft:oak_leaves":9,"minecraft:deepslate":50},"minecraft:picked_up":{"minecraft:crafting_table":5,"minecraft:iron_chestplate":2,"minecraft:wheat":14,"minecraft:nether_wart":7,"minecraft:nether_brick_fence":4,"minecraft:chest_minecart":1,"minecraft:lead":1,"minecraft:shield":4,"minecraft:cornflower":2,"minecraft:amethyst_block":12,"minecraft:soul_soil":4,"minecraft:string":369,"minecraft:oak_trapdoor":1,"minecraft:moss_carpet":2,"minecraft:iron_axe":6,"minecraft:iron_leggings":2,"minecraft:activator_rail":4,"minecraft:gold_nugget":12,"minecraft:cobbled_deepslate":62,"minecraft:detector_rail":3,"minecraft:bucket":2,"minecraft:red_dye":2,"minecraft:azalea":1,"minecraft:poppy":11,"minecraft:iron_pickaxe":2,"minecraft:lectern":1,"minecraft:sugar_cane":1,"minecraft:iron_boots":2,"minecraft:furnace":1,"minecraft:stick":3,"minecraft:raw_iron":82,"create:mechanical_mixer":2,"minecraft:oak_fence":12,"minecraft:torch":2,"create:andesite_casing":1,"minecraft:porkchop":1,"create:hand_crank":2,"minecraft:diorite":7,"minecraft:redstone":18,"create:zinc_ingot":58,"create:vertical_gearbox":1,"minecraft:stone_sword":2,"minecraft:arrow":26,"minecraft:rotten_flesh":6,"minecraft:tropical_fish":1,"minecraft:beetroot_seeds":2,"minecraft:nether_bricks":43,"minecraft:mutton":10,"create:asurine":3,"minecraft:gold_ingot":2,"minecraft:blaze_rod":27,"minecraft:glow_berries":14,"minecraft:obsidian":12,"minecraft:white_wool":6,"minecraft:bone_block":44,"minecraft:rail":16,"minecraft:cobblestone":70,"minecraft:oxeye_daisy":6,"minecraft:cooked_beef":8,"minecraft:water_bucket":1,"minecraft:andesite":726,"minecraft:smoker":1,"minecraft:oak_log":45,"minecraft:tuff":24,"create:raw_zinc":46,"create:andesite_alloy":31,"minecraft:lapis_lazuli":8,"minecraft:dirt":334,"minecraft:name_tag":3,"minecraft:cooked_mutton":1,"minecraft:bone":26,"minecraft:apple":2,"minecraft:bow":3,"minecraft:wheat_seeds":77,"minecraft:raw_gold":24,"minecraft:cobbled_deepslate_slab":7,"minecraft:iron_ingot":11,"create:goggles":1,"create:shaft":6,"minecraft:glowstone_dust":6,"minecraft:soul_sand":26,"minecraft:moss_block":4,"minecraft:iron_sword":2,"minecraft:flowering_azalea":3,"minecraft:oak_planks":53,"minecraft:book":6,"minecraft:smooth_basalt":2,"create:large_water_wheel":3,"create:cogwheel":3,"minecraft:quartz":4,"minecraft:dandelion":24,"minecraft:raw_iron_block":1,"minecraft:sand":4,"minecraft:amethyst_shard":36,"minecraft:blast_furnace":3,"minecraft:lily_of_the_valley":8,"minecraft:spider_eye":4,"minecraft:diamond_shovel":1,"minecraft:pumpkin_seeds":12,"create:crimsite":3,"minecraft:diamond":6,"minecraft:iron_helmet":3,"minecraft:granite":1,"minecraft:bone_meal":116,"minecraft:golden_apple":1,"minecraft:rooted_dirt":3,"minecraft:bread":20,"minecraft:oak_sapling":9,"minecraft:netherrack":182,"minecraft:coal":109,"minecraft:crimson_roots":6,"minecraft:azure_bluet":2,"minecraft:diamond_pickaxe":5}},"DataVersion":3465}