{"stats":{"minecraft:killed":{"minecraft:cave_spider":2,"minecraft:spider":3,"minecraft:creeper":2,"minecraft:skeleton":8,"minecraft:zombie":6},"minecraft:dropped":{"minecraft:water_bucket":1,"minecraft:iron_ingot":9,"minecraft:bread":13,"minecraft:moss_carpet":2,"minecraft:moss_block":4,"minecraft:wheat_seeds":2,"minecraft:detector_rail":3,"minecraft:stone_sword":2,"minecraft:cobbled_deepslate":2,"minecraft:diamond":6,"minecraft:crafting_table":1,"minecraft:tuff":21,"minecraft:rotten_flesh":5,"minecraft:raw_iron":31,"minecraft:cobblestone":11,"minecraft:glow_berries":7,"minecraft:oak_planks":2,"minecraft:chest_minecart":1,"minecraft:granite":1,"create:crimsite":3,"minecraft:activator_rail":4,"minecraft:tropical_fish":1,"minecraft:stick":2,"minecraft:lava_bucket":1,"minecraft:dirt":3,"minecraft:diorite":3,"minecraft:andesite":3,"minecraft:azalea":1,"minecraft:iron_axe":1,"minecraft:arrow":4,"minecraft:raw_iron_block":1,"minecraft:wooden_pickaxe":1,"minecraft:stone_pickaxe":1,"minecraft:smooth_basalt":2,"minecraft:bone":5},"minecraft:crafted":{"minecraft:oak_planks":32,"minecraft:smooth_stone":3,"minecraft:crafting_table":1,"minecraft:iron_helmet":1,"minecraft:wooden_pickaxe":1,"minecraft:iron_sword":1,"minecraft:furnace":2,"minecraft:blast_furnace":1,"minecraft:stone":3,"minecraft:bucket":1,"minecraft:air":0,"minecraft:iron_boots":1,"minecraft:iron_chestplate":1,"minecraft:iron_axe":1,"minecraft:stick":12,"minecraft:iron_ingot":42,"minecraft:iron_pickaxe":1,"minecraft:stone_pickaxe":1,"minecraft:stone_sword":1,"minecraft:iron_leggings":1},"minecraft:used":{"minecraft:water_bucket":17,"minecraft:diorite":1,"minecraft:stone_sword":24,"minecraft:stone_pickaxe":75,"minecraft:wooden_pickaxe":15,"minecraft:iron_sword":96,"create:blaze_burner":1,"minecraft:torch":1,"minecraft:dirt":5,"minecraft:crafting_table":4,"minecraft:blast_furnace":1,"minecraft:iron_axe":17,"minecraft:bread":22,"minecraft:iron_pickaxe":154,"create:water_wheel":1,"create:large_water_wheel":1,"minecraft:cobblestone":9,"minecraft:furnace":2,"minecraft:bucket":20,"minecraft:andesite":1,"minecraft:cobbled_deepslate":15},"minecraft:custom":{"minecraft:interact_with_furnace":18,"minecraft:mob_kills":22,"minecraft:interact_with_crafting_table":15,"minecraft:leave_game":2,"minecraft:time_since_death":52350,"minecraft:climb_one_cm":95,"minecraft:time_since_rest":52350,"minecraft:sprint_one_cm":165345,"minecraft:damage_taken":1081,"minecraft:walk_one_cm":129044,"minecraft:drop":71,"minecraft:damage_dealt":3472,"minecraft:fly_one_cm":62953,"minecraft:crouch_one_cm":4863,"minecraft:sneak_time":2397,"minecraft:play_time":52350,"minecraft:walk_under_water_one_cm":4335,"minecraft:jump":634,"minecraft:interact_with_blast_furnace":14,"minecraft:walk_on_water_one_cm":10528,"minecraft:total_world_time":52350,"minecraft:fall_one_cm":12884},"minecraft:mined":{"minecraft:deepslate_redstone_ore":2,"create:deepslate_zinc_ore":23,"minecraft:tuff":21,"minecraft:flowering_azalea":1,"minecraft:deepslate_diamond_ore":6,"minecraft:amethyst_cluster":3,"minecraft:oak_fence":4,"minecraft:crafting_table":4,"minecraft:cave_vines_plant":2,"minecraft:granite":1,"minecraft:blast_furnace":1,"minecraft:calcite":3,"minecraft:grass_block":1,"minecraft:tall_grass":1,"minecraft:cobblestone":2,"minecraft:deepslate_gold_ore":8,"minecraft:oak_planks":12,"minecraft:moss_block":3,"minecraft:diorite":2,"minecraft:wall_torch":1,"minecraft:amethyst_block":6,"minecraft:raw_iron_block":1,"minecraft:furnace":1,"minecraft:iron_ore":17,"minecraft:andesite":4,"minecraft:grass":4,"minecraft:rail":1,"minecraft:oak_log":8,"minecraft:coal_ore":5,"minecraft:cave_vines":3,"minecraft:deepslate_iron_ore":45,"minecraft:dirt":3,"minecraft:cobweb":39,"minecraft:smooth_basalt":1,"minecraft:azalea":1,"minecraft:stone":40,"minecraft:small_dripleaf":1,"create:crimsite":3,"minecraft:deepslate":37},"minecraft:picked_up":{"minecraft:crafting_table":4,"minecraft:chest_minecart":1,"minecraft:andesite":4,"minecraft:tuff":22,"create:raw_zinc":23,"minecraft:oak_log":8,"minecraft:iron_axe":1,"minecraft:amethyst_block":6,"minecraft:string":90,"minecraft:dirt":5,"minecraft:moss_carpet":2,"minecraft:bone":8,"minecraft:bucket":1,"minecraft:bow":1,"minecraft:activator_rail":4,"minecraft:detector_rail":3,"minecraft:wheat_seeds":2,"minecraft:cobbled_deepslate":43,"minecraft:raw_gold":8,"minecraft:iron_ingot":4,"minecraft:azalea":1,"minecraft:moss_block":4,"minecraft:oak_planks":14,"minecraft:flowering_azalea":1,"minecraft:furnace":1,"minecraft:raw_iron":66,"minecraft:smooth_basalt":2,"minecraft:oak_fence":4,"minecraft:torch":2,"minecraft:raw_iron_block":1,"minecraft:amethyst_shard":12,"minecraft:blast_furnace":1,"minecraft:diorite":2,"minecraft:redstone":9,"minecraft:pumpkin_seeds":4,"minecraft:stone_sword":1,"minecraft:arrow":9,"create:crimsite":3,"minecraft:rotten_flesh":5,"minecraft:diamond":6,"minecraft:tropical_fish":1,"minecraft:beetroot_seeds":2,"minecraft:granite":1,"minecraft:bread":13,"minecraft:glow_berries":10,"minecraft:coal":17,"minecraft:rail":4,"minecraft:cobblestone":42,"minecraft:diamond_pickaxe":1}},"DataVersion":3465}