{"stats":{"minecraft:killed":{"minecraft:skeleton":5,"minecraft:zombie":1},"minecraft:dropped":{"minecraft:iron_ingot":5,"minecraft:bread":13,"minecraft:stone_sword":1,"minecraft:crafting_table":1,"minecraft:cobblestone":3,"minecraft:glow_berries":7,"minecraft:oak_planks":2,"minecraft:stick":2},"minecraft:crafted":{"minecraft:oak_planks":32,"minecraft:smooth_stone":3,"minecraft:crafting_table":1,"minecraft:wooden_pickaxe":1,"minecraft:furnace":2,"minecraft:blast_furnace":1,"minecraft:stone":3,"minecraft:bucket":1,"minecraft:air":0,"minecraft:stick":8,"minecraft:iron_ingot":13,"minecraft:stone_pickaxe":1,"minecraft:stone_sword":1},"minecraft:used":{"minecraft:diorite":1,"minecraft:stone_sword":24,"minecraft:stone_pickaxe":75,"minecraft:wooden_pickaxe":15,"create:blaze_burner":1,"minecraft:dirt":5,"minecraft:crafting_table":3,"minecraft:blast_furnace":1,"minecraft:bread":9,"create:water_wheel":1,"create:large_water_wheel":1,"minecraft:cobblestone":3,"minecraft:furnace":2,"minecraft:bucket":1,"minecraft:andesite":1},"minecraft:mined":{"minecraft:tuff":1,"minecraft:flowering_azalea":1,"minecraft:crafting_table":3,"minecraft:cave_vines_plant":2,"minecraft:granite":1,"minecraft:grass_block":1,"minecraft:tall_grass":1,"minecraft:moss_block":1,"minecraft:diorite":2,"minecraft:furnace":1,"minecraft:iron_ore":17,"minecraft:andesite":4,"minecraft:grass":4,"minecraft:oak_log":8,"minecraft:coal_ore":5,"minecraft:cave_vines":3,"minecraft:deepslate_iron_ore":8,"minecraft:dirt":3,"minecraft:azalea":1,"minecraft:stone":40,"minecraft:small_dripleaf":1,"create:crimsite":1,"minecraft:deepslate":1},"minecraft:custom":{"minecraft:interact_with_furnace":17,"minecraft:mob_kills":6,"minecraft:interact_with_crafting_table":8,"minecraft:leave_game":1,"minecraft:time_since_death":26514,"minecraft:climb_one_cm":95,"minecraft:time_since_rest":26514,"minecraft:sprint_one_cm":48412,"minecraft:damage_taken":420,"minecraft:walk_one_cm":55755,"minecraft:drop":24,"minecraft:damage_dealt":900,"minecraft:fly_one_cm":44960,"minecraft:crouch_one_cm":1110,"minecraft:sneak_time":1121,"minecraft:play_time":26514,"minecraft:walk_under_water_one_cm":3392,"minecraft:jump":394,"minecraft:interact_with_blast_furnace":5,"minecraft:walk_on_water_one_cm":7948,"minecraft:total_world_time":26514,"minecraft:fall_one_cm":8967},"minecraft:picked_up":{"minecraft:crafting_table":3,"minecraft:andesite":4,"minecraft:tuff":1,"minecraft:oak_log":8,"minecraft:dirt":5,"minecraft:moss_carpet":1,"minecraft:bone":4,"minecraft:wheat_seeds":1,"minecraft:cobbled_deepslate":2,"minecraft:azalea":1,"minecraft:moss_block":2,"minecraft:flowering_azalea":1,"minecraft:furnace":1,"minecraft:raw_iron":27,"minecraft:diorite":2,"minecraft:stone_sword":1,"minecraft:arrow":4,"create:crimsite":1,"minecraft:granite":1,"minecraft:bread":13,"minecraft:glow_berries":10,"minecraft:coal":14,"minecraft:cobblestone":40}},"DataVersion":3465}