{"stats":{"minecraft:crafted":{"minecraft:smooth_stone":3,"minecraft:oak_planks":180,"minecraft:barrel":3,"minecraft:stone":3,"minecraft:lever":1,"minecraft:bookshelf":1,"create:mechanical_bearing":1,"create:deployer":3,"minecraft:cooked_mutton":18,"create:radial_chassis":3,"create:rotation_speed_controller":1,"minecraft:iron_boots":1,"minecraft:chest":3,"minecraft:copper_block":3,"minecraft:stone_hoe":1,"create:cogwheel":2,"create:brass_hand":3,"minecraft:oak_slab":24,"create:rose_quartz":3,"minecraft:crafting_table":2,"create:mechanical_saw":1,"create:fluid_pipe":20,"minecraft:wooden_pickaxe":1,"minecraft:iron_helmet":1,"create:zinc_nugget":126,"minecraft:copper_ingot":13,"create:sand_paper":1,"create:encased_fan":1,"minecraft:iron_chestplate":1,"create:water_wheel":7,"minecraft:shield":2,"create:portable_storage_interface":2,"minecraft:stick":20,"create:mechanical_pump":4,"minecraft:iron_ingot":86,"minecraft:iron_pickaxe":1,"minecraft:stone_sword":1,"create:large_cogwheel":1,"create:propeller":1,"create:empty_blaze_burner":4,"create:chute":8,"minecraft:cobbled_deepslate_slab":18,"create:steam_engine":3,"minecraft:iron_nugget":72,"minecraft:furnace":3,"minecraft:blast_furnace":1,"minecraft:bone_meal":33,"minecraft:iron_axe":1,"minecraft:iron_hoe":1,"create:millstone":1,"minecraft:lime_dye":2,"minecraft:stone_pickaxe":1,"create:electron_tube":3,"minecraft:wheat":108,"create:andesite_alloy":62,"minecraft:iron_sword":1,"create:large_water_wheel":6,"minecraft:bucket":2,"minecraft:air":0,"minecraft:bread":36,"minecraft:white_dye":1,"minecraft:iron_shovel":1,"minecraft:iron_leggings":1,"create:shaft":8},"minecraft:killed":{"minecraft:cave_spider":2,"minecraft:spider":11,"minecraft:skeleton":13,"minecraft:pig":1,"minecraft:iron_golem":1,"minecraft:creeper":5,"minecraft:sheep":4,"minecraft:trader_llama":1,"minecraft:zombie":18,"minecraft:blaze":13,"minecraft:wandering_trader":1,"minecraft:wither_skeleton":3},"minecraft:used":{"create:deployer":17,"minecraft:iron_shovel":77,"minecraft:poppy":1,"create:portable_storage_interface":5,"minecraft:chest":12,"minecraft:shield":29,"minecraft:iron_sword":229,"minecraft:rotten_flesh":1,"create:mechanical_bearing":7,"create:fluid_tank":17,"minecraft:mutton":2,"create:cogwheel":43,"create:depot":4,"minecraft:lava_bucket":36,"minecraft:iron_helmet":1,"create:millstone":2,"create:rotation_speed_controller":3,"minecraft:hay_block":1,"create:shaft":15,"create:steam_engine":4,"minecraft:oak_sapling":61,"minecraft:furnace":3,"minecraft:diorite":1,"minecraft:stone_pickaxe":75,"minecraft:oak_planks":24,"minecraft:wooden_pickaxe":15,"create:mechanical_saw":7,"minecraft:glow_berries":3,"minecraft:blast_furnace":5,"minecraft:sponge":3,"minecraft:shears":22,"minecraft:lever":3,"minecraft:bread":82,"create:adjustable_chain_gearshift":3,"minecraft:andesite":1,"create:vertical_gearbox":5,"minecraft:bone_meal":114,"minecraft:oak_trapdoor":1,"create:large_cogwheel":16,"minecraft:stone_sword":24,"minecraft:redstone":11,"minecraft:stone_hoe":10,"minecraft:netherrack":1,"create:mechanical_pump":4,"minecraft:torch":2,"minecraft:dirt":91,"create:mechanical_mixer":1,"create:chute":4,"minecraft:iron_hoe":32,"minecraft:bookshelf":1,"create:wrench":149,"create:gearbox":1,"minecraft:iron_axe":248,"minecraft:barrel":3,"create:radial_chassis":19,"create:fluid_pipe":5,"minecraft:cooked_beef":4,"minecraft:cobbled_deepslate":50,"minecraft:pointed_dripstone":15,"minecraft:wheat_seeds":10,"minecraft:cooked_mutton":11,"minecraft:water_bucket":55,"create:empty_blaze_burner":1,"minecraft:cauldron":15,"create:blaze_burner":2,"create:item_drain":1,"create:encased_fan":6,"minecraft:oak_slab":2,"minecraft:crafting_table":9,"minecraft:white_bed":1,"minecraft:oak_log":14,"minecraft:diamond_pickaxe":854,"minecraft:apple":2,"minecraft:diamond_shovel":366,"create:mechanical_press":3,"minecraft:iron_pickaxe":156,"create:water_wheel":2,"create:large_water_wheel":11,"minecraft:cobblestone":304,"minecraft:cobbled_deepslate_slab":8,"minecraft:porkchop":1,"minecraft:bucket":63,"create:hand_crank":21},"minecraft:mined":{"create:deepslate_zinc_ore":25,"minecraft:oak_sapling":11,"minecraft:farmland":1,"create:andesite_casing":6,"minecraft:obsidian":11,"minecraft:cave_vines_plant":2,"minecraft:granite":1,"minecraft:grass_block":300,"minecraft:soul_soil":2,"create:powered_shaft":4,"create:rotation_speed_controller":3,"minecraft:oxeye_daisy":8,"minecraft:raw_iron_block":1,"minecraft:glowstone":1,"minecraft:iron_ore":53,"minecraft:cobbled_deepslate":3,"minecraft:fire":2,"minecraft:azure_bluet":2,"create:asurine":3,"minecraft:cave_vines":3,"minecraft:azalea":1,"create:mechanical_press":4,"create:item_drain":1,"minecraft:deepslate_redstone_ore":5,"create:radial_chassis":15,"create:cogwheel":32,"create:steam_engine":2,"minecraft:smoker":1,"minecraft:amethyst_cluster":3,"minecraft:blast_furnace":3,"minecraft:calcite":3,"minecraft:poppy":9,"minecraft:chest":4,"create:brass_casing":1,"minecraft:nether_quartz_ore":2,"minecraft:cobblestone":79,"minecraft:oak_planks":28,"minecraft:wall_torch":1,"minecraft:amethyst_block":6,"create:portable_storage_interface":3,"minecraft:wheat":12,"create:mechanical_mixer":1,"minecraft:grass":450,"minecraft:oak_log":78,"create:hand_crank":16,"minecraft:sand":5,"minecraft:dirt":117,"minecraft:smooth_basalt":1,"minecraft:netherrack":101,"create:crimsite":3,"minecraft:oak_leaves":21,"minecraft:deepslate":65,"create:zinc_ore":28,"minecraft:nether_gold_ore":4,"minecraft:tuff":22,"create:millstone":1,"minecraft:deepslate_diamond_ore":8,"create:fluid_tank":8,"minecraft:lever":1,"minecraft:nether_bricks":24,"minecraft:cobbled_deepslate_slab":3,"create:large_cogwheel":8,"create:depot":4,"minecraft:redstone_wire":1,"create:encased_fan":5,"minecraft:moss_block":3,"minecraft:rooted_dirt":46,"minecraft:large_fern":6,"minecraft:hay_block":21,"create:shaft":7,"minecraft:furnace":1,"minecraft:andesite":246,"minecraft:nether_brick_fence":2,"minecraft:bookshelf":4,"minecraft:deepslate_iron_ore":66,"minecraft:rail":1,"create:chute":3,"create:deployer":3,"minecraft:stripped_oak_log":3,"minecraft:stone":130,"minecraft:bone_block":23,"minecraft:podzol":1,"minecraft:flowering_azalea":1,"minecraft:hanging_roots":1,"minecraft:soul_sand":5,"minecraft:lily_of_the_valley":8,"minecraft:dandelion":34,"minecraft:oak_fence":4,"minecraft:crafting_table":10,"minecraft:cornflower":2,"create:fluid_pipe":1,"create:mechanical_pump":2,"minecraft:lectern":1,"minecraft:copper_ore":1,"minecraft:tall_grass":141,"minecraft:deepslate_gold_ore":13,"minecraft:diorite":2,"create:mechanical_saw":3,"create:water_wheel_structure":2,"create:gearbox":6,"minecraft:coal_ore":18,"create:mechanical_bearing":4,"minecraft:gravel":6,"minecraft:cobweb":39,"minecraft:small_dripleaf":1,"minecraft:fern":21},"minecraft:custom":{"minecraft:interact_with_crafting_table":86,"minecraft:leave_game":7,"minecraft:time_since_death":192233,"minecraft:sprint_one_cm":723752,"minecraft:damage_blocked_by_shield":1915,"minecraft:drop":353,"minecraft:talked_to_villager":1,"minecraft:play_time":353302,"minecraft:deaths":7,"minecraft:jump":3554,"minecraft:walk_on_water_one_cm":31490,"minecraft:enchant_item":1,"minecraft:interact_with_furnace":25,"minecraft:sleep_in_bed":15,"minecraft:damage_dealt":13236,"minecraft:crouch_one_cm":50678,"minecraft:use_cauldron":1,"minecraft:interact_with_smoker":12,"minecraft:mob_kills":74,"minecraft:climb_one_cm":95,"minecraft:walk_one_cm":808254,"minecraft:sneak_time":15776,"minecraft:walk_under_water_one_cm":61959,"minecraft:boat_one_cm":30908,"minecraft:interact_with_blast_furnace":49,"minecraft:total_world_time":353302,"minecraft:interact_with_grindstone":1,"minecraft:time_since_rest":9230,"minecraft:damage_taken":6229,"minecraft:swim_one_cm":44713,"minecraft:fly_one_cm":810559,"minecraft:open_chest":332,"minecraft:fall_one_cm":88238},"minecraft:dropped":{"minecraft:iron_sword":2,"create:super_glue":1,"minecraft:moss_block":4,"minecraft:lapis_lazuli":6,"minecraft:oak_log":1,"minecraft:diamond":12,"minecraft:crafting_table":2,"minecraft:glow_berries":7,"minecraft:chest_minecart":1,"create:fluid_tank":16,"create:crimsite":3,"minecraft:rail":4,"minecraft:flint":4,"minecraft:dirt":388,"minecraft:grass":8,"minecraft:cornflower":5,"create:iron_sheet":3,"minecraft:iron_pickaxe":2,"minecraft:white_wool":6,"minecraft:cauldron":1,"minecraft:gold_ingot":1,"minecraft:bone":11,"minecraft:gravel":10,"minecraft:iron_nugget":1,"minecraft:detector_rail":3,"minecraft:cobbled_deepslate":13,"minecraft:wheat":11,"minecraft:obsidian":9,"minecraft:rotten_flesh":14,"minecraft:oak_planks":25,"minecraft:fern":60,"minecraft:lime_dye":3,"minecraft:cooked_mutton":8,"minecraft:nether_brick_fence":6,"minecraft:azure_bluet":12,"minecraft:poppy":16,"minecraft:gunpowder":1,"create:wrench":2,"minecraft:azalea":1,"create:brass_ingot":4,"create:wheat_flour":1,"minecraft:arrow":10,"minecraft:netherrack":166,"create:andesite_alloy":29,"minecraft:water_bucket":2,"create:mechanical_mixer":1,"minecraft:stone_hoe":1,"minecraft:iron_ingot":30,"minecraft:bread":33,"minecraft:oak_slab":10,"minecraft:wheat_seeds":294,"minecraft:oak_fence":8,"minecraft:cobblestone":178,"minecraft:lead":2,"minecraft:book":6,"create:chute":1,"create:precision_mechanism":1,"minecraft:granite":1,"minecraft:activator_rail":4,"minecraft:copper_ingot":43,"minecraft:tropical_fish":1,"minecraft:stick":5,"minecraft:oxeye_daisy":14,"create:andesite_casing":7,"minecraft:lava_bucket":2,"minecraft:diorite":4,"minecraft:green_dye":8,"minecraft:brown_wool":4,"minecraft:flowering_azalea":1,"minecraft:red_dye":8,"minecraft:iron_axe":1,"minecraft:raw_iron_block":1,"minecraft:string":67,"create:raw_zinc":23,"minecraft:dandelion":58,"minecraft:smooth_basalt":2,"minecraft:moss_carpet":2,"minecraft:soul_soil":15,"create:shaft":14,"minecraft:blaze_rod":20,"minecraft:stone_sword":3,"minecraft:tuff":21,"minecraft:raw_iron":140,"minecraft:cobbled_deepslate_slab":12,"create:rotation_speed_controller":1,"create:copper_sheet":12,"minecraft:nether_bricks":66,"minecraft:shears":1,"minecraft:pumpkin_seeds":8,"minecraft:lily_of_the_valley":2,"minecraft:hay_block":8,"minecraft:shield":2,"create:zinc_ingot":63,"minecraft:diamond_pickaxe":3,"minecraft:andesite":243,"minecraft:spider_eye":2,"minecraft:light_gray_dye":4,"minecraft:bow":1,"minecraft:raw_gold":8,"minecraft:stone_pickaxe":1,"minecraft:wooden_pickaxe":1,"minecraft:magma_block":13,"create:empty_blaze_burner":3},"minecraft:picked_up":{"minecraft:iron_chestplate":3,"minecraft:wheat":14,"minecraft:nether_brick_fence":10,"minecraft:lead":5,"create:wrench":2,"minecraft:amethyst_block":12,"minecraft:string":499,"minecraft:soul_soil":19,"minecraft:raw_copper":4,"minecraft:iron_leggings":5,"create:sand_paper":2,"minecraft:activator_rail":4,"create:mechanical_press":3,"minecraft:cobbled_deepslate":85,"minecraft:gold_nugget":64,"minecraft:bucket":3,"minecraft:red_dye":22,"minecraft:azalea":1,"minecraft:iron_pickaxe":6,"minecraft:furnace":1,"minecraft:iron_boots":4,"minecraft:stick":4,"create:mechanical_mixer":2,"minecraft:oak_fence":20,"minecraft:torch":2,"create:andesite_casing":29,"minecraft:porkchop":1,"minecraft:pointed_dripstone":6,"minecraft:diorite":8,"create:large_cogwheel":8,"minecraft:stone_sword":2,"minecraft:rotten_flesh":31,"minecraft:tropical_fish":1,"create:asurine":3,"minecraft:blaze_rod":40,"minecraft:obsidian":16,"minecraft:cobblestone":260,"minecraft:magma_block":13,"minecraft:cooked_beef":8,"create:fluid_tank":24,"minecraft:water_bucket":1,"minecraft:andesite":726,"minecraft:brown_wool":4,"minecraft:smoker":2,"minecraft:flint":17,"create:raw_zinc":124,"minecraft:tuff":24,"minecraft:light_gray_dye":6,"minecraft:lapis_lazuli":8,"minecraft:dirt":914,"minecraft:name_tag":4,"minecraft:bone":43,"minecraft:bow":5,"minecraft:wheat_seeds":493,"minecraft:raw_gold":39,"minecraft:cobbled_deepslate_slab":10,"create:goggles":4,"create:shaft":90,"minecraft:glowstone_dust":6,"minecraft:moss_block":4,"minecraft:stone_hoe":3,"create:super_glue":3,"minecraft:oak_planks":102,"create:radial_chassis":18,"create:cogwheel":34,"minecraft:sand":5,"minecraft:lily_of_the_valley":10,"create:crimsite":3,"minecraft:sugar":8,"minecraft:diamond":12,"minecraft:lever":3,"minecraft:granite":1,"minecraft:grass":10,"minecraft:bone_meal":237,"minecraft:golden_apple":1,"create:precision_mechanism":1,"minecraft:bread":32,"minecraft:rooted_dirt":6,"minecraft:oak_sapling":38,"minecraft:netherrack":349,"minecraft:crimson_roots":6,"minecraft:diamond_pickaxe":8,"minecraft:crafting_table":11,"minecraft:azure_bluet":15,"minecraft:nether_wart":28,"minecraft:chest_minecart":1,"create:rotation_speed_controller":4,"minecraft:shield":7,"create:fluid_pipe":1,"minecraft:cornflower":9,"minecraft:oak_trapdoor":1,"minecraft:moss_carpet":2,"minecraft:iron_axe":7,"minecraft:iron_shovel":1,"create:chute":4,"minecraft:detector_rail":3,"minecraft:iron_nugget":9,"minecraft:poppy":23,"minecraft:lectern":3,"minecraft:sugar_cane":2,"minecraft:chest":6,"minecraft:raw_iron":208,"minecraft:copper_ingot":19,"minecraft:white_dye":24,"create:hand_crank":21,"minecraft:redstone":64,"create:brass_casing":1,"create:steam_engine":2,"create:zinc_ingot":193,"create:vertical_gearbox":5,"create:deployer":3,"minecraft:arrow":50,"minecraft:beetroot_seeds":2,"minecraft:nether_bricks":109,"minecraft:shears":3,"minecraft:hay_block":21,"create:depot":4,"minecraft:gold_ingot":14,"minecraft:glow_berries":15,"minecraft:mutton":13,"minecraft:bone_block":71,"minecraft:rail":20,"minecraft:white_wool":18,"minecraft:oxeye_daisy":21,"minecraft:stripped_oak_log":3,"create:iron_sheet":4,"create:brass_sheet":8,"minecraft:fern":138,"minecraft:yellow_dye":5,"minecraft:oak_log":94,"create:andesite_alloy":59,"minecraft:gunpowder":4,"create:blaze_burner":1,"minecraft:paper":89,"minecraft:cooked_mutton":2,"minecraft:apple":2,"minecraft:iron_ingot":137,"minecraft:iron_sword":6,"minecraft:flowering_azalea":4,"minecraft:soul_sand":54,"create:mechanical_saw":6,"minecraft:green_dye":17,"minecraft:book":24,"minecraft:oak_slab":5,"create:mechanical_bearing":4,"minecraft:smooth_basalt":2,"create:large_water_wheel":4,"minecraft:quartz":38,"minecraft:dandelion":84,"minecraft:raw_iron_block":1,"minecraft:gravel":10,"minecraft:lava_bucket":1,"minecraft:amethyst_shard":36,"minecraft:blast_furnace":5,"minecraft:white_bed":1,"minecraft:spider_eye":14,"create:gearbox":3,"create:wheat_flour":22,"create:electron_tube":2,"minecraft:pumpkin_seeds":20,"create:millstone":1,"minecraft:diamond_shovel":2,"minecraft:lime_dye":1,"create:brass_ingot":3,"create:zinc_nugget":56,"create:mechanical_pump":2,"minecraft:iron_helmet":5,"create:encased_fan":6,"create:portable_storage_interface":3,"minecraft:coal":152},"minecraft:killed_by":{"minecraft:wither_skeleton":5,"minecraft:skeleton":1},"minecraft:broken":{"minecraft:iron_sword":1}},"DataVersion":3465}