{"stats":{"minecraft:killed_by":{"minecraft:wither_skeleton":5,"minecraft:skeleton":1},"minecraft:killed":{"minecraft:cave_spider":2,"minecraft:spider":8,"minecraft:skeleton":12,"minecraft:pig":1,"minecraft:iron_golem":1,"minecraft:creeper":3,"minecraft:sheep":4,"minecraft:trader_llama":1,"minecraft:zombie":11,"minecraft:blaze":13,"minecraft:wandering_trader":1,"minecraft:wither_skeleton":3},"minecraft:dropped":{"minecraft:iron_sword":2,"minecraft:moss_block":4,"minecraft:lapis_lazuli":6,"minecraft:diamond":12,"minecraft:crafting_table":2,"minecraft:glow_berries":7,"minecraft:chest_minecart":1,"create:crimsite":3,"minecraft:dirt":3,"create:iron_sheet":3,"minecraft:gold_ingot":1,"minecraft:bone":5,"minecraft:detector_rail":3,"minecraft:cobbled_deepslate":2,"minecraft:wheat":11,"minecraft:obsidian":9,"minecraft:rotten_flesh":5,"minecraft:oak_planks":21,"minecraft:fern":5,"minecraft:lime_dye":3,"minecraft:cooked_mutton":8,"minecraft:poppy":7,"create:wrench":2,"minecraft:azalea":1,"create:wheat_flour":1,"minecraft:arrow":4,"create:andesite_alloy":29,"create:mechanical_mixer":1,"minecraft:iron_ingot":30,"minecraft:water_bucket":2,"minecraft:bread":25,"minecraft:wheat_seeds":5,"minecraft:cobblestone":14,"minecraft:granite":1,"minecraft:activator_rail":4,"minecraft:tropical_fish":1,"minecraft:stick":4,"create:andesite_casing":7,"minecraft:lava_bucket":1,"minecraft:diorite":3,"minecraft:iron_axe":1,"minecraft:red_dye":8,"minecraft:raw_iron_block":1,"create:raw_zinc":23,"minecraft:dandelion":4,"minecraft:smooth_basalt":2,"minecraft:moss_carpet":2,"create:shaft":14,"minecraft:blaze_rod":20,"minecraft:stone_sword":3,"minecraft:tuff":21,"minecraft:raw_iron":140,"minecraft:hay_block":8,"minecraft:shield":2,"create:zinc_ingot":44,"minecraft:diamond_pickaxe":2,"minecraft:andesite":243,"minecraft:stone_pickaxe":1,"minecraft:wooden_pickaxe":1,"minecraft:raw_gold":8},"minecraft:crafted":{"minecraft:oak_planks":172,"minecraft:smooth_stone":3,"minecraft:stone":3,"create:mechanical_bearing":1,"minecraft:cooked_mutton":18,"create:radial_chassis":3,"minecraft:iron_boots":1,"minecraft:chest":3,"minecraft:stone_hoe":1,"create:cogwheel":2,"minecraft:oak_slab":6,"create:rose_quartz":2,"minecraft:crafting_table":2,"create:mechanical_saw":1,"minecraft:wooden_pickaxe":1,"minecraft:iron_helmet":1,"create:zinc_nugget":126,"create:sand_paper":1,"create:encased_fan":1,"minecraft:iron_chestplate":1,"create:water_wheel":7,"minecraft:shield":2,"minecraft:stick":20,"minecraft:iron_ingot":86,"minecraft:iron_pickaxe":1,"minecraft:stone_sword":1,"create:propeller":1,"minecraft:cobbled_deepslate_slab":18,"minecraft:furnace":3,"minecraft:blast_furnace":1,"minecraft:iron_axe":1,"minecraft:iron_hoe":1,"create:millstone":1,"minecraft:lime_dye":2,"minecraft:stone_pickaxe":1,"create:electron_tube":2,"minecraft:wheat":108,"create:andesite_alloy":31,"minecraft:iron_sword":1,"create:large_water_wheel":6,"minecraft:bucket":1,"minecraft:bread":36,"minecraft:air":0,"minecraft:white_dye":1,"minecraft:iron_shovel":1,"minecraft:iron_leggings":1,"create:shaft":8},"minecraft:broken":{"minecraft:iron_sword":1},"minecraft:used":{"minecraft:iron_shovel":77,"minecraft:poppy":1,"minecraft:chest":3,"minecraft:shield":29,"minecraft:iron_sword":229,"minecraft:rotten_flesh":1,"create:mechanical_bearing":3,"minecraft:mutton":2,"create:cogwheel":13,"minecraft:lava_bucket":1,"minecraft:iron_helmet":1,"create:millstone":1,"minecraft:hay_block":1,"create:shaft":3,"minecraft:oak_sapling":2,"minecraft:furnace":3,"minecraft:diorite":1,"minecraft:stone_pickaxe":75,"minecraft:oak_planks":7,"minecraft:wooden_pickaxe":15,"minecraft:glow_berries":3,"minecraft:blast_furnace":5,"minecraft:shears":22,"minecraft:bread":58,"minecraft:andesite":1,"create:vertical_gearbox":5,"minecraft:bone_meal":48,"minecraft:oak_trapdoor":1,"minecraft:stone_sword":24,"minecraft:redstone":9,"minecraft:stone_hoe":10,"minecraft:torch":2,"minecraft:dirt":83,"create:mechanical_mixer":1,"minecraft:iron_hoe":32,"create:wrench":8,"minecraft:iron_axe":114,"create:radial_chassis":3,"minecraft:cooked_beef":4,"minecraft:cobbled_deepslate":50,"minecraft:wheat_seeds":10,"minecraft:cooked_mutton":11,"minecraft:water_bucket":47,"create:blaze_burner":1,"create:encased_fan":5,"minecraft:crafting_table":6,"minecraft:oak_log":3,"minecraft:diamond_pickaxe":674,"minecraft:apple":2,"minecraft:diamond_shovel":360,"minecraft:iron_pickaxe":156,"create:water_wheel":2,"create:large_water_wheel":10,"minecraft:cobblestone":105,"minecraft:cobbled_deepslate_slab":8,"minecraft:porkchop":1,"minecraft:bucket":51,"create:hand_crank":11},"minecraft:custom":{"minecraft:interact_with_crafting_table":60,"minecraft:leave_game":4,"minecraft:time_since_death":58982,"minecraft:sprint_one_cm":542121,"minecraft:damage_blocked_by_shield":1915,"minecraft:drop":171,"minecraft:talked_to_villager":1,"minecraft:play_time":220051,"minecraft:deaths":7,"minecraft:jump":2837,"minecraft:walk_on_water_one_cm":25700,"minecraft:enchant_item":1,"minecraft:interact_with_furnace":21,"minecraft:sleep_in_bed":7,"minecraft:damage_dealt":10701,"minecraft:crouch_one_cm":36735,"minecraft:interact_with_smoker":12,"minecraft:mob_kills":61,"minecraft:climb_one_cm":95,"minecraft:walk_one_cm":512383,"minecraft:sneak_time":10953,"minecraft:walk_under_water_one_cm":61930,"minecraft:boat_one_cm":30908,"minecraft:interact_with_blast_furnace":37,"minecraft:total_world_time":220051,"minecraft:interact_with_grindstone":1,"minecraft:time_since_rest":10496,"minecraft:damage_taken":5350,"minecraft:swim_one_cm":44713,"minecraft:fly_one_cm":671696,"minecraft:open_chest":176,"minecraft:fall_one_cm":75188},"minecraft:mined":{"create:deepslate_zinc_ore":25,"minecraft:oak_sapling":4,"minecraft:farmland":1,"minecraft:obsidian":11,"minecraft:cave_vines_plant":2,"minecraft:granite":1,"minecraft:grass_block":291,"minecraft:soul_soil":2,"minecraft:oxeye_daisy":8,"minecraft:raw_iron_block":1,"minecraft:glowstone":1,"minecraft:fire":2,"minecraft:iron_ore":53,"minecraft:cobbled_deepslate":3,"minecraft:azure_bluet":2,"create:asurine":3,"minecraft:cave_vines":3,"minecraft:azalea":1,"create:mechanical_press":1,"minecraft:deepslate_redstone_ore":5,"create:radial_chassis":3,"create:cogwheel":14,"minecraft:smoker":1,"minecraft:amethyst_cluster":3,"minecraft:blast_furnace":3,"minecraft:calcite":3,"minecraft:poppy":9,"minecraft:nether_quartz_ore":2,"minecraft:cobblestone":22,"minecraft:oak_planks":13,"minecraft:wall_torch":1,"minecraft:amethyst_block":6,"minecraft:wheat":12,"create:mechanical_mixer":1,"minecraft:grass":444,"minecraft:oak_log":47,"create:hand_crank":8,"minecraft:sand":5,"minecraft:dirt":116,"minecraft:smooth_basalt":1,"minecraft:netherrack":101,"create:crimsite":3,"minecraft:oak_leaves":17,"minecraft:deepslate":65,"create:zinc_ore":28,"minecraft:nether_gold_ore":4,"minecraft:tuff":22,"minecraft:deepslate_diamond_ore":8,"minecraft:nether_bricks":24,"minecraft:cobbled_deepslate_slab":3,"create:encased_fan":5,"minecraft:moss_block":3,"minecraft:rooted_dirt":46,"minecraft:large_fern":6,"minecraft:hay_block":21,"create:shaft":2,"minecraft:furnace":1,"minecraft:andesite":246,"minecraft:nether_brick_fence":2,"minecraft:bookshelf":4,"minecraft:deepslate_iron_ore":66,"minecraft:rail":1,"minecraft:stripped_oak_log":3,"minecraft:stone":85,"minecraft:bone_block":23,"minecraft:podzol":1,"minecraft:flowering_azalea":1,"minecraft:hanging_roots":1,"minecraft:soul_sand":5,"minecraft:lily_of_the_valley":8,"minecraft:dandelion":34,"minecraft:oak_fence":4,"minecraft:crafting_table":6,"minecraft:cornflower":2,"minecraft:lectern":1,"minecraft:copper_ore":1,"minecraft:tall_grass":141,"minecraft:deepslate_gold_ore":13,"minecraft:diorite":2,"create:water_wheel_structure":2,"create:gearbox":6,"create:mechanical_bearing":2,"minecraft:coal_ore":18,"minecraft:cobweb":39,"minecraft:small_dripleaf":1,"minecraft:fern":21},"minecraft:picked_up":{"minecraft:iron_chestplate":3,"minecraft:wheat":14,"minecraft:nether_brick_fence":4,"minecraft:lead":1,"create:wrench":2,"minecraft:amethyst_block":12,"minecraft:string":400,"minecraft:raw_copper":4,"minecraft:soul_soil":4,"minecraft:iron_leggings":5,"minecraft:activator_rail":4,"minecraft:gold_nugget":52,"minecraft:cobbled_deepslate":82,"minecraft:bucket":3,"minecraft:red_dye":10,"minecraft:azalea":1,"minecraft:iron_pickaxe":2,"minecraft:iron_boots":4,"minecraft:furnace":1,"minecraft:stick":3,"create:mechanical_mixer":2,"minecraft:oak_fence":12,"minecraft:torch":2,"create:andesite_casing":21,"minecraft:porkchop":1,"minecraft:diorite":8,"minecraft:stone_sword":2,"minecraft:rotten_flesh":15,"minecraft:tropical_fish":1,"create:asurine":3,"minecraft:blaze_rod":27,"minecraft:obsidian":12,"minecraft:cobblestone":110,"minecraft:cooked_beef":8,"minecraft:water_bucket":1,"minecraft:andesite":726,"minecraft:smoker":1,"create:raw_zinc":115,"minecraft:tuff":24,"minecraft:light_gray_dye":2,"minecraft:lapis_lazuli":8,"minecraft:dirt":491,"minecraft:name_tag":3,"minecraft:bone":28,"minecraft:bow":4,"minecraft:wheat_seeds":163,"minecraft:cobbled_deepslate_slab":8,"minecraft:raw_gold":39,"create:goggles":3,"create:shaft":51,"minecraft:glowstone_dust":6,"minecraft:moss_block":4,"create:super_glue":1,"minecraft:oak_planks":53,"minecraft:stone_hoe":1,"create:radial_chassis":3,"create:cogwheel":13,"minecraft:sand":5,"minecraft:lily_of_the_valley":8,"create:crimsite":3,"minecraft:sugar":4,"minecraft:diamond":12,"minecraft:bone_meal":116,"minecraft:granite":1,"minecraft:grass":2,"minecraft:golden_apple":1,"minecraft:bread":32,"minecraft:rooted_dirt":6,"minecraft:oak_sapling":11,"minecraft:netherrack":182,"minecraft:crimson_roots":6,"minecraft:diamond_pickaxe":7,"minecraft:crafting_table":6,"minecraft:azure_bluet":3,"minecraft:nether_wart":7,"minecraft:chest_minecart":1,"minecraft:shield":7,"minecraft:cornflower":4,"minecraft:oak_trapdoor":1,"minecraft:moss_carpet":2,"minecraft:iron_axe":7,"minecraft:iron_shovel":1,"minecraft:detector_rail":3,"minecraft:poppy":16,"minecraft:lectern":2,"minecraft:sugar_cane":1,"minecraft:raw_iron":208,"minecraft:white_dye":12,"create:hand_crank":12,"minecraft:redstone":54,"create:zinc_ingot":146,"create:vertical_gearbox":5,"minecraft:arrow":32,"minecraft:beetroot_seeds":2,"minecraft:nether_bricks":43,"minecraft:shears":1,"minecraft:hay_block":21,"minecraft:gold_ingot":8,"minecraft:glow_berries":15,"minecraft:mutton":13,"minecraft:rail":16,"minecraft:bone_block":44,"minecraft:white_wool":6,"minecraft:oxeye_daisy":7,"minecraft:stripped_oak_log":3,"create:iron_sheet":4,"minecraft:fern":28,"minecraft:oak_log":61,"create:andesite_alloy":48,"minecraft:gunpowder":1,"minecraft:paper":45,"minecraft:cooked_mutton":2,"minecraft:apple":2,"minecraft:iron_ingot":134,"minecraft:iron_sword":6,"minecraft:flowering_azalea":3,"minecraft:soul_sand":26,"create:mechanical_saw":1,"minecraft:green_dye":5,"minecraft:book":12,"create:mechanical_bearing":2,"minecraft:smooth_basalt":2,"create:large_water_wheel":3,"minecraft:quartz":6,"minecraft:dandelion":31,"minecraft:raw_iron_block":1,"minecraft:lava_bucket":1,"minecraft:amethyst_shard":36,"minecraft:blast_furnace":5,"minecraft:spider_eye":4,"create:gearbox":1,"create:wheat_flour":11,"minecraft:lime_dye":1,"minecraft:diamond_shovel":2,"minecraft:pumpkin_seeds":12,"create:zinc_nugget":28,"create:encased_fan":5,"minecraft:iron_helmet":4,"minecraft:coal":151}},"DataVersion":3465}